,AMC Fund Company,Mutual Fund Name,NAV Value,NAV Record Timestamp
0,Aditya Birla Sun Life Mutual Fund,Aditya Birla Sun Life Liquid Fund - Growth,360.3344,07-Apr-2023 18:45:25
1,Aditya Birla Sun Life Mutual Fund,Aditya Birla Sun Life Liquid Fund - Growth - Direct Plan,363.6347,07-Apr-2023 18:45:25
2,Aditya Birla Sun Life Mutual Fund,Aditya Birla Sun Life Liquid Fund -Daily IDCW,100.2146,07-Apr-2023 18:45:25
3,Aditya Birla Sun Life Mutual Fund,Aditya Birla Sun Life Liquid Fund -Direct - daily IDCW,100.2149,07-Apr-2023 18:45:25
4,Aditya Birla Sun Life Mutual Fund,Aditya Birla Sun Life Liquid Fund -DIRECT - IDCW,197.425,07-Apr-2023 18:45:25
5,Aditya Birla Sun Life Mutual Fund,Aditya Birla Sun Life Liquid Fund -Direct - weekly IDCW,100.3773,07-Apr-2023 18:45:25
6,Aditya Birla Sun Life Mutual Fund,Aditya Birla Sun Life Liquid Fund -Institutional - IDCW,108.0461,07-Apr-2023 18:45:25
7,Aditya Birla Sun Life Mutual Fund,Aditya Birla Sun Life Liquid Fund -Institutional - weekly IDCW,108.2296,07-Apr-2023 18:45:25
8,Aditya Birla Sun Life Mutual Fund,Aditya Birla Sun Life Liquid Fund -Regular - IDCW,150.7736,07-Apr-2023 18:45:25
9,Aditya Birla Sun Life Mutual Fund,Aditya Birla Sun Life Liquid Fund -Retail - IDCW,163.7267,07-Apr-2023 18:45:25
10,Aditya Birla Sun Life Mutual Fund,Aditya Birla Sun Life Liquid Fund -weekly IDCW,100.3748,07-Apr-2023 18:45:25
11,Aditya Birla Sun Life Mutual Fund,Aditya Birla Sun Life Liquid Fund- Discipline Advantage Plan,242.2495,07-Apr-2023 18:45:25
12,Aditya Birla Sun Life Mutual Fund,Aditya Birla Sun Life Liquid Fund-Institutional (Growth),600.0709,07-Apr-2023 18:45:25
13,Aditya Birla Sun Life Mutual Fund,Aditya Birla Sun Life Liquid Fund-Retail (Growth),584.7466,07-Apr-2023 18:45:25
14,Aditya Birla Sun Life Mutual Fund,ADITYA BIRLA SUN LIFE OVERNIGHT FUND- Direct - Monthly Payout of IDCW,1001.2953,07-Apr-2023 18:45:25
15,Aditya Birla Sun Life Mutual Fund,ADITYA BIRLA SUN LIFE OVERNIGHT FUND- Direct - Weekly Reinvestment of IDCW,1001.314,07-Apr-2023 18:45:25
16,Aditya Birla Sun Life Mutual Fund,ADITYA BIRLA SUN LIFE OVERNIGHT FUND- Regular - Weekly Reinvestment of IDCW option,1001.2762,07-Apr-2023 18:45:25
17,Aditya Birla Sun Life Mutual Fund,ADITYA BIRLA SUN LIFE OVERNIGHT FUND- Direct - Daily Reinvestment of IDCW,1000.1974,07-Apr-2023 18:45:25
18,Aditya Birla Sun Life Mutual Fund,ADITYA BIRLA SUN LIFE OVERNIGHT FUND- Regular - Daily Reinvestment of IDCW,1000.1949,07-Apr-2023 18:45:25
19,Aditya Birla Sun Life Mutual Fund,ADITYA BIRLA SUN LIFE OVERNIGHT FUND- Regular- Monthly Payout of IDCW option,1001.2758,07-Apr-2023 18:45:25
20,Aditya Birla Sun Life Mutual Fund,ADITYA BIRLA SUN LIFE OVERNIGHT FUND-DIRECT PLAN-GROWTH,1213.9923,07-Apr-2023 18:45:25
21,Aditya Birla Sun Life Mutual Fund,ADITYA BIRLA SUNLIFE OVERNIGHT FUND-REGULAR PLAN-GROWTH,1207.6095,07-Apr-2023 18:45:25
22,Axis Mutual Fund,Axis Liquid Fund - Direct Plan - Daily IDCW,1000.9560,07-Apr-2023 16:21:41
23,Axis Mutual Fund,Axis Liquid Fund - Direct Plan - Growth Option,2504.8230,07-Apr-2023 16:21:41
24,Axis Mutual Fund,Axis Liquid Fund - Direct Plan - Monthly IDCW,1003.6224,07-Apr-2023 16:21:41
25,Axis Mutual Fund,Axis Liquid Fund - Direct Plan - Weekly IDCW,1002.9878,07-Apr-2023 16:21:41
26,Axis Mutual Fund,Axis Liquid Fund - Regular Plan - Daily IDCW,1001.3998,07-Apr-2023 16:21:41
27,Axis Mutual Fund,Axis Liquid Fund - Regular Plan - Growth Option,2488.0303,07-Apr-2023 16:21:41
28,Axis Mutual Fund,Axis Liquid Fund - Regular Plan - Monthly IDCW,1004.1929,07-Apr-2023 16:21:41
29,Axis Mutual Fund,Axis Liquid Fund - Regular Plan - Weekly IDCW,1002.9797,07-Apr-2023 16:21:41
30,Axis Mutual Fund,Axis Liquid Fund - Retail Plan - Daily IDCW,1000.9559,07-Apr-2023 16:21:41
31,Axis Mutual Fund,Axis Liquid Fund - Retail Plan - Growth Option,2303.7962,07-Apr-2023 16:21:41
32,Axis Mutual Fund,Axis Liquid Fund - Retail Plan - Monthly IDCW,1003.4604,07-Apr-2023 16:21:41
33,Axis Mutual Fund,Axis Liquid Fund - Retail Plan - Weekly IDCW,1001.5155,07-Apr-2023 16:21:41
34,Axis Mutual Fund,Axis Overnight Fund - Direct Plan - Daily IDCW,1000.5073,07-Apr-2023 16:21:41
35,Axis Mutual Fund,Axis Overnight Fund - Direct Plan - Growth Option,1187.0746,07-Apr-2023 16:21:41
36,Axis Mutual Fund,Axis Overnight Fund - Direct Plan - Monthly IDCW,1002.8854,07-Apr-2023 16:21:41
37,Axis Mutual Fund,Axis Overnight Fund - Direct Plan - Weekly IDCW,1001.4076,07-Apr-2023 16:21:41
38,Axis Mutual Fund,Axis Overnight Fund - Regular Plan - Daily IDCW,1000.5032,07-Apr-2023 16:21:41
39,Axis Mutual Fund,Axis Overnight Fund - Regular Plan - Growth Option,1184.2084,07-Apr-2023 16:21:41
40,Axis Mutual Fund,Axis Overnight Fund - Regular Plan - Monthly IDCW,1002.8641,07-Apr-2023 16:21:41
41,Axis Mutual Fund,Axis Overnight Fund - Regular Plan - Weekly IDCW,1001.3687,07-Apr-2023 16:21:41
42,Bandhan Mutual Fund,BANDHAN LIQUID Fund - Regular Plan - Daily IDCW,1001.2647,07-Apr-2023 13:03:38
43,Bandhan Mutual Fund,BANDHAN LIQUID Fund - Regular Plan - Growth,2704.7014,07-Apr-2023 13:03:38
44,Bandhan Mutual Fund,BANDHAN LIQUID Fund - Regular Plan - Monthly IDCW,1002.6739,07-Apr-2023 13:03:38
45,Bandhan Mutual Fund,BANDHAN LIQUID Fund - Regular Plan - Periodic IDCW,1167.7331,07-Apr-2023 13:03:38
46,Bandhan Mutual Fund,BANDHAN LIQUID Fund - Regular Plan - Weekly IDCW,1001.2673,07-Apr-2023 13:03:38
47,Bandhan Mutual Fund,BANDHAN LIQUID Fund - Unclaimed IDCW Less than 3 years,1.4504,07-Apr-2023 13:03:38
48,Bandhan Mutual Fund,BANDHAN LIQUID Fund - Unclaimed IDCW More than 3 years,1.0000,07-Apr-2023 13:03:38
49,Bandhan Mutual Fund,BANDHAN LIQUID Fund - Unclaimed Redemption Less than 3 years,1.4504,07-Apr-2023 13:03:38
50,Bandhan Mutual Fund,BANDHAN LIQUID Fund - Unclaimed Redemption More than 3 years,1.0000,07-Apr-2023 13:03:38
51,Bandhan Mutual Fund,BANDHAN LIQUID Fund -Direct Plan -Monthly IDCW,1009.4355,07-Apr-2023 13:03:38
52,Bandhan Mutual Fund,BANDHAN LIQUID Fund -Direct Plan -Weekly IDCW,1007.1434,07-Apr-2023 13:03:38
53,Bandhan Mutual Fund,BANDHAN LIQUID Fund -Direct Plan-Daily IDCW,1001.8499,07-Apr-2023 13:03:38
54,Bandhan Mutual Fund,BANDHAN LIQUID Fund -Direct Plan-Growth,2722.9578,07-Apr-2023 13:03:38
55,Bandhan Mutual Fund,BANDHAN LIQUID Fund -Direct Plan-Periodic IDCW,1097.0362,07-Apr-2023 13:03:38
56,Bandhan Mutual Fund,BANDHAN Overnight Fund - Direct Plan - Daily IDCW,1000.1736,07-Apr-2023 13:03:38
57,Bandhan Mutual Fund,BANDHAN Overnight Fund - Direct Plan - Growth,1197.1170,07-Apr-2023 13:03:38
58,Bandhan Mutual Fund,BANDHAN Overnight Fund - Direct Plan - Monthly IDCW,1001.6232,07-Apr-2023 13:03:38
59,Bandhan Mutual Fund,BANDHAN Overnight Fund - Direct Plan - Periodic IDCW,1090.5561,07-Apr-2023 13:03:38
60,Bandhan Mutual Fund,BANDHAN Overnight Fund - Direct Plan - Weekly IDCW,1000.1309,07-Apr-2023 13:03:38
61,Bandhan Mutual Fund,BANDHAN Overnight Fund - Regular Plan - Daily IDCW,1000.1709,07-Apr-2023 13:03:38
62,Bandhan Mutual Fund,BANDHAN Overnight Fund - Regular Plan - Growth,1191.4242,07-Apr-2023 13:03:38
63,Bandhan Mutual Fund,BANDHAN Overnight Fund - Regular Plan - Monthly IDCW,1001.6119,07-Apr-2023 13:03:38
64,Bandhan Mutual Fund,BANDHAN Overnight Fund - Regular Plan - Weekly IDCW,1001.1033,07-Apr-2023 13:03:38
65,Bandhan Mutual Fund,BANDHAN Overnight Fund - REGULAR PLAN PERIODIC IDCW,1090.1446,07-Apr-2023 13:03:38
66,Bank of India Mutual Fund,BANK OF INDIA Liquid Fund- Direct Plan- Daily IDCW,1002.6483,07-Apr-2023 00:55:16
67,Bank of India Mutual Fund,BANK OF INDIA Liquid Fund- Direct Plan- Growth,2594.9697,07-Apr-2023 00:55:16
68,Bank of India Mutual Fund,BANK OF INDIA Liquid Fund- Direct Plan- Weekly IDCW,1062.5128,07-Apr-2023 00:55:16
69,Bank of India Mutual Fund,BANK OF INDIA Liquid Fund- Regular Plan- Daily IDCW,1002.1069,07-Apr-2023 00:55:16
70,Bank of India Mutual Fund,BANK OF INDIA Liquid Fund- Regular Plan- Growth,2571.3537,07-Apr-2023 00:55:16
71,Bank of India Mutual Fund,BANK OF INDIA Liquid Fund- Regular Plan- Weekly IDCW,1002.2173,07-Apr-2023 00:55:16
72,Bank of India Mutual Fund,BANK OF INDIA Overnight Fund Direct Plan Growth,1137.2960,07-Apr-2023 00:55:16
73,Bank of India Mutual Fund,BANK OF INDIA Overnight Fund Direct Plan- Daily IDCW,1000.0019,07-Apr-2023 00:55:16
74,Bank of India Mutual Fund,BANK OF INDIA Overnight Fund Direct Plan- Monthly IDCW,1002.1002,07-Apr-2023 00:55:16
75,Bank of India Mutual Fund,BANK OF INDIA Overnight Fund Direct Plan- Weekly IDCW,1000.7282,07-Apr-2023 00:55:16
76,Bank of India Mutual Fund,BANK OF INDIA Overnight Fund Regular Plan Growth,1134.6872,07-Apr-2023 00:55:16
77,Bank of India Mutual Fund,BANK OF INDIA Overnight Fund Regular Plan- Monthly IDCW,1002.0965,07-Apr-2023 00:55:16
78,Bank of India Mutual Fund,BANK OF INDIA Overnight Fund Unclaimed IDCW Plan - Greater than 3 Years,1000.0000,07-Apr-2023 00:55:16
79,Bank of India Mutual Fund,BANK OF INDIA Overnight Fund Unclaimed IDCW Plan - Up to 3 Years,1069.3754,07-Apr-2023 00:55:16
80,Bank of India Mutual Fund,BANK OF INDIA Overnight Fund Unclaimed Redemption Plan - Greater than 3 Years,1000.0000,07-Apr-2023 00:55:16
81,Bank of India Mutual Fund,BANK OF INDIA Overnight Fund Unclaimed Redemption Plan - Upto 3 Years,1069.2914,07-Apr-2023 00:55:16
82,Baroda BNP Paribas Mutual Fund,Baroda BNP Paribas LIQUID FUND - DIRECT PLAN - DAILY IDCW OPTION,1002.0849,07-Apr-2023 01:41:24
83,Baroda BNP Paribas Mutual Fund,Baroda BNP Paribas LIQUID FUND - DIRECT PLAN - GROWTH OPTION,2599.4513,07-Apr-2023 01:41:24
84,Baroda BNP Paribas Mutual Fund,Baroda BNP Paribas LIQUID FUND - DIRECT PLAN - WEEKLY IDCW OPTION,1219.7895,07-Apr-2023 01:41:24
85,Baroda BNP Paribas Mutual Fund,Baroda BNP Paribas LIQUID FUND - Regular Plan - DAILY IDCW OPTION,1001.1996,07-Apr-2023 01:41:24
86,Baroda BNP Paribas Mutual Fund,Baroda BNP Paribas LIQUID FUND - Regular Plan - GROWTH OPTION,2574.2874,07-Apr-2023 01:41:24
87,Baroda BNP Paribas Mutual Fund,Baroda BNP Paribas LIQUID FUND - Regular Plan - WEEKLY IDCW OPTION,1001.1581,07-Apr-2023 01:41:24
88,Baroda BNP Paribas Mutual Fund,Baroda BNP Paribas LIQUID FUND- Defunct Plan -Growth Option,3788.9552,07-Apr-2023 01:41:24
89,Baroda BNP Paribas Mutual Fund,Baroda BNP Paribas LIQUID FUND-Defunct Plan- IDCW Option,3126.2974,07-Apr-2023 01:41:24
90,Baroda BNP Paribas Mutual Fund,Baroda BNP Paribas Overnight Fund - Direct Plan - Daily IDCW,1000.0028,07-Apr-2023 01:41:24
91,Baroda BNP Paribas Mutual Fund,Baroda BNP Paribas Overnight Fund - Direct Plan - Growth,1178.7492,07-Apr-2023 01:41:24
92,Baroda BNP Paribas Mutual Fund,Baroda BNP Paribas Overnight Fund - Direct Plan - Weekly IDCW,1000.6292,07-Apr-2023 01:41:24
93,Baroda BNP Paribas Mutual Fund,Baroda BNP Paribas Overnight Fund - Plan C - Unclaimed IDCW - Greater than 3 years,1000.0000,07-Apr-2023 01:41:24
94,Baroda BNP Paribas Mutual Fund,Baroda BNP Paribas Overnight Fund - Plan C - Unclaimed IDCW - Up to 3 years,1057.5810,07-Apr-2023 01:41:24
95,Baroda BNP Paribas Mutual Fund,Baroda BNP Paribas Overnight Fund - Plan C - Unclaimed Redemption - Greater than 3 years,1000.0000,07-Apr-2023 01:41:24
96,Baroda BNP Paribas Mutual Fund,Baroda BNP Paribas Overnight Fund - Plan C - Unclaimed Redemption - Up to 3 years,1057.5809,07-Apr-2023 01:41:24
97,Baroda BNP Paribas Mutual Fund,Baroda BNP Paribas Overnight Fund - Regular Plan - Daily IDCW,1000.0018,07-Apr-2023 01:41:24
98,Baroda BNP Paribas Mutual Fund,Baroda BNP Paribas Overnight Fund - Regular Plan - Growth,1176.1044,07-Apr-2023 01:41:24
99,Baroda BNP Paribas Mutual Fund,Baroda BNP Paribas Overnight Fund - Regular Plan - Weekly IDCW,1000.6072,07-Apr-2023 01:41:24
100,Canara Robeco Mutual Fund,CANARA ROBECO LIQUID FUND - DIRECT PLAN - DAILY IDCW (Reinvestment),1005.5000,07-Apr-2023 00:09:07
101,Canara Robeco Mutual Fund,CANARA ROBECO LIQUID FUND - DIRECT PLAN - GROWTH OPTION,2701.1502,07-Apr-2023 00:09:07
102,Canara Robeco Mutual Fund,CANARA ROBECO LIQUID FUND - DIRECT PLAN - IDCW (Payout/Reinvestment),1933.2920,07-Apr-2023 00:09:07
103,Canara Robeco Mutual Fund,CANARA ROBECO LIQUID FUND - DIRECT PLAN - MONTHLY IDCW (Payout/Reinvestment),1002.3904,07-Apr-2023 00:09:07
104,Canara Robeco Mutual Fund,CANARA ROBECO LIQUID FUND - DIRECT PLAN - WEEKLY IDCW (Payout/Reinvestment),1001.0074,07-Apr-2023 00:09:07
105,Canara Robeco Mutual Fund,CANARA ROBECO LIQUID FUND - REGULAR PLAN - DAILY IDCW (Reinvestment),1005.5000,07-Apr-2023 00:09:07
106,Canara Robeco Mutual Fund,CANARA ROBECO LIQUID FUND - REGULAR PLAN - GROWTH OPTION,2690.4769,07-Apr-2023 00:09:07
107,Canara Robeco Mutual Fund,CANARA ROBECO LIQUID FUND - REGULAR PLAN - MONTHLY IDCW (Payout/Reinvestment),1002.3730,07-Apr-2023 00:09:07
108,Canara Robeco Mutual Fund,CANARA ROBECO LIQUID FUND - REGULAR PLAN - WEEKLY IDCW (Payout/Reinvestment),1001.0020,07-Apr-2023 00:09:07
109,Canara Robeco Mutual Fund,Canara Robeco Liquid Fund -Unclaimed Redemption and Dividend Plan -Direct Growth Option,1471.6064,07-Apr-2023 00:09:07
110,Canara Robeco Mutual Fund,CANARA ROBECO OVERNIGHT FUND - DIRECT PLAN - DAILY IDCW (Reinvestment),1001.0007,07-Apr-2023 00:09:07
111,Canara Robeco Mutual Fund,CANARA ROBECO OVERNIGHT FUND - DIRECT PLAN - GROWTH OPTION,1161.6063,07-Apr-2023 00:09:07
112,Canara Robeco Mutual Fund,CANARA ROBECO OVERNIGHT FUND - REGULAR PLAN - DAILY IDCW (Reinvestment),1001.0000,07-Apr-2023 00:09:07
113,Canara Robeco Mutual Fund,CANARA ROBECO OVERNIGHT FUND - REGULAR PLAN - GROWTH OPTION,1160.7414,07-Apr-2023 00:09:07
114,DSP Mutual Fund,DSP Liquidity Fund - Direct Plan - Growth,3222.2098,07-Apr-2023 18:39:16
115,DSP Mutual Fund,DSP Liquidity Fund - Direct Plan - IDCW - Daily,1001.1177,07-Apr-2023 18:39:16
116,DSP Mutual Fund,DSP Liquidity Fund - Direct Plan - IDCW - Weekly,1001.0806,07-Apr-2023 18:39:16
117,DSP Mutual Fund,DSP Liquidity Fund - Regular Plan - Growth,3192.6516,07-Apr-2023 18:39:16
118,DSP Mutual Fund,DSP Liquidity Fund - Regular Plan - IDCW - Weekly,1001.0784,07-Apr-2023 18:39:16
119,DSP Mutual Fund,DSP Liquidity Fund- Regular Plan - IDCW - Daily,1001.1154,07-Apr-2023 18:39:16
120,Edelweiss Mutual Fund,Edelweiss Liquid Fund - Direct Plan - Bonus Option,1692.8616,08-Apr-2023 12:48:53
121,Edelweiss Mutual Fund,Edelweiss Liquid Fund - Direct Plan - Growth Option,2909.7843,08-Apr-2023 12:48:53
122,Edelweiss Mutual Fund,Edelweiss Liquid Fund - Direct Plan - IDCW Option,2909.7888,08-Apr-2023 12:48:53
123,Edelweiss Mutual Fund,Edelweiss Liquid Fund - Direct Plan Annual - IDCW Option,2909.7646,08-Apr-2023 12:48:53
124,Edelweiss Mutual Fund,Edelweiss Liquid Fund - Direct Plan daily - IDCW Option,1031.0535,08-Apr-2023 12:48:53
125,Edelweiss Mutual Fund,Edelweiss Liquid Fund - Direct Plan Fortnightly - IDCW Option,2299.7196,08-Apr-2023 12:48:53
126,Edelweiss Mutual Fund,Edelweiss Liquid Fund - Direct Plan Monthly - IDCW Option,1007.3708,08-Apr-2023 12:48:53
127,Edelweiss Mutual Fund,Edelweiss Liquid Fund - Direct Plan weekly - IDCW Option,2174.2768,08-Apr-2023 12:48:53
128,Edelweiss Mutual Fund,Edelweiss Liquid Fund - Regular Plan - Bonus Option,1667.3579,08-Apr-2023 12:48:53
129,Edelweiss Mutual Fund,Edelweiss Liquid Fund - Regular Plan - Growth Option,2862.6343,08-Apr-2023 12:48:53
130,Edelweiss Mutual Fund,Edelweiss Liquid Fund - Regular Plan - IDCW Option,2862.6369,08-Apr-2023 12:48:53
131,Edelweiss Mutual Fund,Edelweiss Liquid Fund - Regular Plan Annual - IDCW Option,1980.6996,08-Apr-2023 12:48:53
132,Edelweiss Mutual Fund,Edelweiss Liquid Fund - Regular Plan Daily - IDCW Option,1059.9503,08-Apr-2023 12:48:53
133,Edelweiss Mutual Fund,Edelweiss Liquid Fund - Regular Plan Fortnightly - IDCW Option,2159.1144,08-Apr-2023 12:48:53
134,Edelweiss Mutual Fund,Edelweiss Liquid Fund - Regular Plan Monthly - IDCW Option,1036.5634,08-Apr-2023 12:48:53
135,Edelweiss Mutual Fund,Edelweiss Liquid Fund - Regular Plan Weekly - IDCW Option,1074.3504,08-Apr-2023 12:48:53
136,Edelweiss Mutual Fund,Edelweiss Liquid Fund - Retail Plan - Growth Option,2603.3535,08-Apr-2023 12:48:53
137,Edelweiss Mutual Fund,Edelweiss Liquid Fund - Retail Plan - Weekly Dividend Option,1231.755,08-Apr-2023 12:48:53
138,Edelweiss Mutual Fund,Edelweiss Liquid Fund - Retail Plan Daily - IDCW Option,1056.2627,08-Apr-2023 12:48:53
139,Edelweiss Mutual Fund,Edelweiss Liquid Fund - Retail Plan Monthly - IDCW Option,1247.2928,08-Apr-2023 12:48:53
140,Edelweiss Mutual Fund,Edelweiss Overnight Fund - Direct Plan - Annual - IDCW Option,1163.2447,08-Apr-2023 12:48:53
141,Edelweiss Mutual Fund,Edelweiss Overnight Fund - Direct Plan - Daily - IDCW Option,1000.0311,08-Apr-2023 12:48:53
142,Edelweiss Mutual Fund,Edelweiss Overnight Fund - Direct Plan - Growth,1162.8312,08-Apr-2023 12:48:53
143,Edelweiss Mutual Fund,Edelweiss Overnight Fund - Direct Plan - Monthly - IDCW Option,1059.9559,08-Apr-2023 12:48:53
144,Edelweiss Mutual Fund,Edelweiss Overnight Fund - Regular Plan - Annual - IDCW Option,1160.3197,08-Apr-2023 12:48:53
145,Edelweiss Mutual Fund,Edelweiss Overnight Fund - Regular Plan - Daily - IDCW Option,1008.1229,08-Apr-2023 12:48:53
146,Edelweiss Mutual Fund,Edelweiss Overnight Fund - Regular Plan - Fortnightly - IDCW Option,1097.0461,08-Apr-2023 12:48:53
147,Edelweiss Mutual Fund,Edelweiss Overnight Fund - Regular Plan - Growth,1160.3196,08-Apr-2023 12:48:53
148,Edelweiss Mutual Fund,Edelweiss Overnight Fund - Regular Plan - Monthly - IDCW Option,1005.9339,08-Apr-2023 12:48:53
149,Edelweiss Mutual Fund,Edelweiss Overnight Fund - Regular Plan - Weekly - IDCW Option,1016.3104,08-Apr-2023 12:48:53
150,Edelweiss Mutual Fund,Edelweiss Overnight Fund - Unclaimed IDCW Plan - Above 3 years,1000,08-Apr-2023 12:48:53
151,Edelweiss Mutual Fund,Edelweiss Overnight Fund - Unclaimed IDCW Plan - Upto 3 years,1063.9264,08-Apr-2023 12:48:53
152,Edelweiss Mutual Fund,Edelweiss Overnight Fund - Unclaimed Redemption Plan - Above 3 years,1000,08-Apr-2023 12:48:53
153,Edelweiss Mutual Fund,Edelweiss Overnight Fund - Unclaimed Redemption Plan - Upto 3 years,1063.9265,08-Apr-2023 12:48:53
154,Franklin Templeton Mutual Fund,Franklin India Liquid Fund - Regular Plan - Growth,5136.1035,07-Apr-2023 17:19:32
155,Franklin Templeton Mutual Fund,Franklin India Liquid Fund - Super Instittutional - Direct - Growth,3386.9461,07-Apr-2023 17:19:32
156,Franklin Templeton Mutual Fund,Franklin India Liquid Fund - Super Institutional Plan - Growth,3364.3394,07-Apr-2023 17:19:32
157,Franklin Templeton Mutual Fund,Franklin India Overnight fund- Growth,1169.2055,07-Apr-2023 17:19:32
158,Franklin Templeton Mutual Fund,Franklin India Overnight Fund- Growth - Direct,1171.6803,07-Apr-2023 17:19:32
159,HDFC Mutual Fund,HDFC Liquid Fund - Growth Option - Direct Plan,4430.3436,07-Apr-2023 12:32:07
160,HDFC Mutual Fund,HDFC Liquid Fund - Growth Plan,4390.9792,07-Apr-2023 12:32:07
161,HDFC Mutual Fund,HDFC Overnight Fund - Growth Option,3306.5642,07-Apr-2023 12:32:07
162,HDFC Mutual Fund,HDFC Overnight Fund - Growth Option - Direct Plan,3332.6051,07-Apr-2023 12:32:07
163,ICICI Prudential Mutual Fund,ICICI Prudential Liquid Fund - Direct Plan - Growth,333.7187,07-Apr-2023 22:05:05
164,ICICI Prudential Mutual Fund,ICICI Prudential Liquid Fund - Growth,331.1780,07-Apr-2023 22:05:05
165,IDBI Mutual Fund,IDBI Liquid Fund Bonus Direct,1817.8936,07-Apr-2023 01:35:58
166,IDBI Mutual Fund,IDBI Liquid Fund Growth Direct,2425.7588,07-Apr-2023 01:35:58
167,IDBI Mutual Fund,IDBI Liquid Fund- Monthly IDCW,1006.4440,07-Apr-2023 01:35:58
168,IDBI Mutual Fund,IDBI Liquid Fund- Monthly IDCW Direct,1004.8966,07-Apr-2023 01:35:58
169,IDBI Mutual Fund,IDBI Liquid Fund-Daily IDCW,1005.2683,07-Apr-2023 01:35:58
170,IDBI Mutual Fund,IDBI Liquid Fund-Daily IDCW Direct,1002.3548,07-Apr-2023 01:35:58
171,IDBI Mutual Fund,IDBI Liquid Fund-Growth,2405.1668,07-Apr-2023 01:35:58
172,IDBI Mutual Fund,IDBI Liquid Fund-Weekly IDCW,1024.1361,07-Apr-2023 01:35:58
173,IDBI Mutual Fund,IDBI Liquid Fund-Weekly IDCW Direct,1004.8499,07-Apr-2023 01:35:58
174,Indiabulls Mutual Fund,Indiabulls Liquid Fund - Direct Plan - Growth Option,2185.865,07-Apr-2023 16:20:28
175,Indiabulls Mutual Fund,Indiabulls Liquid Fund - Growth Option,2164.3184,07-Apr-2023 16:20:28
176,Indiabulls Mutual Fund,Indiabulls Liquid Fund- Direct Plan- - Income Distribution cum capital withdrawal Option ( Reinvestment),1001.06,07-Apr-2023 16:20:28
177,Indiabulls Mutual Fund,Indiabulls Liquid Fund- Direct Plan- Fortnightly - Income Distribution cum capital withdrawal Option (Payout & Reinvestment),1002.9311,07-Apr-2023 16:20:28
178,Indiabulls Mutual Fund,Indiabulls Liquid Fund- Direct Plan- Monthly - Income Distribution cum capital withdrawal Option (Payout & Reinvestment),1030.1645,07-Apr-2023 16:20:28
179,Indiabulls Mutual Fund,Indiabulls Liquid Fund- Direct Plan- Weekly - Income Distribution cum capital withdrawal Option (Payout & Reinvestment),1001.316,07-Apr-2023 16:20:28
180,Indiabulls Mutual Fund,Indiabulls Liquid Fund- Regular Plan- - Income Distribution cum capital withdrawal Option (Reinvestment),1001.1451,07-Apr-2023 16:20:28
181,Indiabulls Mutual Fund,Indiabulls Liquid Fund- Regular Plan- Fortnightly - Income Distribution cum capital withdrawal Option (Payout & Reinvestment),1002.8228,07-Apr-2023 16:20:28
182,Indiabulls Mutual Fund,Indiabulls Liquid Fund- Regular Plan- Monthly - Income Distribution cum capital withdrawal Option (Payout & Reinvestment),1001.6443,07-Apr-2023 16:20:28
183,Indiabulls Mutual Fund,Indiabulls Liquid Fund- Regular Plan- Weekly - Income Distribution cum capital withdrawal Option (Payout & Reinvestment),1002.3781,07-Apr-2023 16:20:28
184,Indiabulls Mutual Fund,Indiabulls Overnight Fund- Direct Plan- - Income Distribution cum capital withdrawal Option ( Reinvestment),1000.9998,07-Apr-2023 16:20:28
185,Indiabulls Mutual Fund,Indiabulls Overnight Fund- Direct Plan- Growth Option,1160.6056,07-Apr-2023 16:20:28
186,Indiabulls Mutual Fund,Indiabulls Overnight Fund- Direct Plan- Monthly - Income Distribution cum capital withdrawal Option (Payout & Reinvestment),1002.5077,07-Apr-2023 16:20:28
187,Indiabulls Mutual Fund,Indiabulls Overnight Fund- Regular Plan- - Income Distribution cum capital withdrawal Option ( Reinvestment),1001.0076,07-Apr-2023 16:20:28
188,Indiabulls Mutual Fund,Indiabulls Overnight Fund- Regular Plan- Fortnightly - Income Distribution cum capital withdrawal Option (Payout & Reinvestment),1002.8056,07-Apr-2023 16:20:28
189,Indiabulls Mutual Fund,Indiabulls Overnight Fund- Regular Plan- Growth Option,1156.7123,07-Apr-2023 16:20:28
190,Indiabulls Mutual Fund,Indiabulls Overnight Fund- Regular Plan- Monthly - Income Distribution cum capital withdrawal Option (Payout & Reinvestment),1002.5811,07-Apr-2023 16:20:28
191,Indiabulls Mutual Fund,Indiabulls Overnight Fund- Regular Plan- Weekly - Income Distribution cum capital withdrawal Option (Payout & Reinvestment),1001.7776,07-Apr-2023 16:20:28
192,Indiabulls Mutual Fund,Indiabulls Overnight Fund- Unclaimed Dividend < 3 years,1066.1993,07-Apr-2023 16:20:28
193,Indiabulls Mutual Fund,Indiabulls Overnight Fund- Unclaimed Dividend > 3 Years,1065.664,07-Apr-2023 16:20:28
194,Indiabulls Mutual Fund,Indiabulls Overnight Fund- Unclaimed Redemption < 3 Years,1064.3101,07-Apr-2023 16:20:28
195,Indiabulls Mutual Fund,Indiabulls Overnight Fund- Unclaimed Redemption > 3 Years,1066.1463,07-Apr-2023 16:20:28
196,Invesco Mutual Fund,Invesco India Liquid Fund - Bonus Option,3077.3629,07-Apr-2023 15:54:12
197,Invesco Mutual Fund,Invesco India Liquid Fund - Daily IDCW (Reinvestment),1002.7594,07-Apr-2023 15:54:12
198,Invesco Mutual Fund,Invesco India Liquid Fund - Direct Plan - Growth,3094.9855,07-Apr-2023 15:54:12
199,Invesco Mutual Fund,Invesco India Liquid Fund - Direct Plan - Monthly IDCW (Payout / Reinvestment),1084.6267,07-Apr-2023 15:54:12
200,Invesco Mutual Fund,Invesco India Liquid Fund - Direct Plan - Weekly IDCW (Reinvestment),1063.8359,07-Apr-2023 15:54:12
201,Invesco Mutual Fund,Invesco India Liquid Fund - Direct Plan- Daily IDCW (Reinvestment),1000.9596,07-Apr-2023 15:54:12
202,Invesco Mutual Fund,Invesco India Liquid Fund - Growth,3073.2666,07-Apr-2023 15:54:12
203,Invesco Mutual Fund,Invesco India Liquid Fund - Monthly IDCW (Payout / Reinvestment),1005.27,07-Apr-2023 15:54:12
204,Invesco Mutual Fund,Invesco India Liquid Fund - Regular - Growth,2753.8124,07-Apr-2023 15:54:12
205,Invesco Mutual Fund,Invesco India Liquid Fund - Regular - Weekly IDCW (Reinvestment),1002.9903,07-Apr-2023 15:54:12
206,Invesco Mutual Fund,Invesco India Liquid Fund - Unclaimed Dividend Plan - Above 3 Years,1000,07-Apr-2023 15:54:12
207,Invesco Mutual Fund,Invesco India Liquid Fund - Unclaimed Dividend Plan - Below 3 Years,1466.7994,07-Apr-2023 15:54:12
208,Invesco Mutual Fund,Invesco India Liquid Fund - Unclaimed Redemption Plan - Above 3 Years,1000,07-Apr-2023 15:54:12
209,Invesco Mutual Fund,Invesco India Liquid Fund - Unclaimed Redemption Plan - Below 3 years,1466.7058,07-Apr-2023 15:54:12
210,Invesco Mutual Fund,Invesco India Liquid Fund - Weekly IDCW (Reinvestment),1009.7344,07-Apr-2023 15:54:12
211,Invesco Mutual Fund,Invesco India Overnight Fund - Direct Plan - Daily IDCW (Reinvestment),1000.5109,07-Apr-2023 15:54:12
212,Invesco Mutual Fund,Invesco India Overnight Fund - Direct Plan - Growth,1134.1776,07-Apr-2023 15:54:12
213,Invesco Mutual Fund,Invesco India Overnight Fund - Direct Plan - Monthly IDCW (Payout / Reinvestment),1001.6531,07-Apr-2023 15:54:12
214,Invesco Mutual Fund,Invesco India Overnight Fund - Direct Plan - Weekly IDCW (Reinvestment),1000.7584,07-Apr-2023 15:54:12
215,Invesco Mutual Fund,Invesco India Overnight Fund - Regular Plan - Daily IDCW (Reinvestment),1000.1316,07-Apr-2023 15:54:12
216,Invesco Mutual Fund,Invesco India Overnight Fund - Regular Plan - Growth,1131.963,07-Apr-2023 15:54:12
217,Invesco Mutual Fund,Invesco India Overnight Fund - Regular Plan - Monthly IDCW (Payout / Reinvestment),1001.6136,07-Apr-2023 15:54:12
218,Invesco Mutual Fund,Invesco India Overnight Fund - Regular Plan - Weekly IDCW (Reinvestment),1000.7118,07-Apr-2023 15:54:12
219,ITI Mutual Fund,ITI Liquid Fund - Direct Plan - Annually IDCW Option,1179.6917,07-Apr-2023 14:58:00
220,ITI Mutual Fund,ITI Liquid Fund - Direct Plan - Daily IDCW Option,1001.0000,07-Apr-2023 14:58:00
221,ITI Mutual Fund,ITI Liquid Fund - Direct Plan - Growth Option,1178.8341,07-Apr-2023 14:58:00
222,ITI Mutual Fund,ITI Liquid Fund - Direct Plan - Monthly IDCW Option,1003.1153,07-Apr-2023 14:58:00
223,ITI Mutual Fund,ITI Liquid Fund - Direct Plan - Weekly IDCW Option,1001.5512,07-Apr-2023 14:58:00
224,ITI Mutual Fund,ITI Liquid Fund - Regular Plan - Annually IDCW Option,1175.7792,07-Apr-2023 14:58:00
225,ITI Mutual Fund,ITI Liquid Fund - Regular Plan - Daily IDCW Option,1001.0000,07-Apr-2023 14:58:00
226,ITI Mutual Fund,ITI Liquid Fund - Regular Plan - Fortnightly Income Distribution cum capital withdrawal option Option,1003.0690,07-Apr-2023 14:58:00
227,ITI Mutual Fund,ITI Liquid Fund - Regular Plan - Growth Option,1173.0338,07-Apr-2023 14:58:00
228,ITI Mutual Fund,ITI Liquid Fund - Regular Plan - Monthly IDCW Option,1003.0614,07-Apr-2023 14:58:00
229,ITI Mutual Fund,ITI Liquid Fund - Regular Plan - Weekly IDCW Option,1001.5379,07-Apr-2023 14:58:00
230,ITI Mutual Fund,ITI Overnight Fund - Direct Plan - Annual IDCW Option,1136.6012,07-Apr-2023 14:58:00
231,ITI Mutual Fund,ITI Overnight Fund - Direct Plan - Fortnightly IDCW Option,1002.7685,07-Apr-2023 14:58:00
232,ITI Mutual Fund,ITI Overnight Fund - Direct Plan - Growth Option,1143.5500,07-Apr-2023 14:58:00
233,ITI Mutual Fund,ITI Overnight Fund - Direct Plan - Monthly IDCW Option,1002.7766,07-Apr-2023 14:58:00
234,ITI Mutual Fund,ITI Overnight Fund - Direct Plan - Weekly IDCW option,1001.5517,07-Apr-2023 14:58:00
235,ITI Mutual Fund,ITI Overnight Fund - Regular Plan - Annual IDCW Option,1068.4814,07-Apr-2023 14:58:00
236,ITI Mutual Fund,ITI Overnight Fund - Regular Plan - Daily IDCW Option,1001.0000,07-Apr-2023 14:58:00
237,ITI Mutual Fund,ITI Overnight Fund - Regular Plan - Fortnightly IDCW Option,1002.7720,07-Apr-2023 14:58:00
238,ITI Mutual Fund,ITI Overnight Fund - Regular Plan - Growth Option,1139.5028,07-Apr-2023 14:58:00
239,ITI Mutual Fund,ITI Overnight Fund - Regular Plan - Monthly IDCW Option,1002.7425,07-Apr-2023 14:58:00
240,ITI Mutual Fund,ITI Overnight Fund - Regular Plan - Weekly IDCW Option,1001.5462,07-Apr-2023 14:58:00
241,LIC Mutual Fund,LIC MF Liquid Fund-Direct Plan-Daily IDCW,1014.3032,07-Apr-2023 09:30:03
242,LIC Mutual Fund,LIC MF Liquid Fund-Direct Plan-Growth,4094.2111,07-Apr-2023 09:30:03
243,LIC Mutual Fund,LIC MF Liquid Fund-Regular Plan-Daily IDCW,1000.1751,07-Apr-2023 09:30:03
244,LIC Mutual Fund,LIC MF Liquid Fund-Regular Plan-Growth,4045.5704,07-Apr-2023 09:30:03
245,LIC Mutual Fund,LIC MF Overnight Fund-Direct Plan-Daily IDCW,1060.7551,07-Apr-2023 09:30:03
246,LIC Mutual Fund,LIC MF Overnight Fund-Direct Plan-Growth,1163.5872,07-Apr-2023 09:30:03
247,LIC Mutual Fund,LIC MF Overnight Fund-Direct Plan-IDCW,1163.3197,07-Apr-2023 09:30:03
248,LIC Mutual Fund,LIC MF Overnight Fund-Direct Plan-Weekly IDCW,1001.161,07-Apr-2023 09:30:03
249,LIC Mutual Fund,LIC MF Overnight Fund-Regular Plan-Daily IDCW,1044.7352,07-Apr-2023 09:30:03
250,LIC Mutual Fund,LIC MF Overnight Fund-Regular Plan-Growth,1157.9634,07-Apr-2023 09:30:03
251,LIC Mutual Fund,LIC MF Overnight Fund-Regular Plan-Weekly IDCW,1046.1197,07-Apr-2023 09:30:03
252,Mahindra Manulife Mutual Fund,Mahindra Manulife Liquid Fund - Direct Plan - Daily IDCW,1032.5026,07-Apr-2023 01:04:55
253,Mahindra Manulife Mutual Fund,Mahindra Manulife Liquid Fund - Direct Plan - Weekly IDCW,1003.3461,07-Apr-2023 01:04:55
254,Mahindra Manulife Mutual Fund,Mahindra Manulife Liquid Fund - Direct Plan -Growth,1466.8639,07-Apr-2023 01:04:55
255,Mahindra Manulife Mutual Fund,Mahindra Manulife Liquid Fund - Regular Plan - Daily IDCW,1000.4699,07-Apr-2023 01:04:55
256,Mahindra Manulife Mutual Fund,Mahindra Manulife Liquid Fund - Regular Plan - Growth,1454.9025,07-Apr-2023 01:04:55
257,Mahindra Manulife Mutual Fund,Mahindra Manulife Liquid Fund - Regular Plan - Weekly IDCW,1009.7630,07-Apr-2023 01:04:55
258,Mahindra Manulife Mutual Fund,Mahindra Manulife Overnight Fund - Direct Plan - Daily IDCW,1164.9370,07-Apr-2023 01:04:55
259,Mahindra Manulife Mutual Fund,Mahindra Manulife Overnight Fund - Direct Plan -Growth,1162.0222,07-Apr-2023 01:04:55
260,Mahindra Manulife Mutual Fund,Mahindra Manulife Overnight Fund - Regular Plan - Daily IDCW,1124.1505,07-Apr-2023 01:04:55
261,Mahindra Manulife Mutual Fund,Mahindra Manulife Overnight Fund - Regular Plan - Growth,1157.6563,07-Apr-2023 01:04:55
262,Mahindra Manulife Mutual Fund,Mahindra Manulife Overnight Fund - Unclaimed Redemption/IDCW beyond 3 years,1000.0000,07-Apr-2023 01:04:55
263,Mahindra Manulife Mutual Fund,Mahindra Manulife Overnight Fund - Unclaimed Redemption/IDCW upto 3 years,1065.6309,07-Apr-2023 01:04:55
264,Nippon India Mutual Fund,NIPPON INDIA LIQUID FUND - DAILY IDCW OPTION,1529.0186,07-Apr-2023 18:33:34
265,Nippon India Mutual Fund,NIPPON INDIA LIQUID FUND - DIRECT Plan - DAILY IDCW OPTION,1529.0243,07-Apr-2023 18:33:34
266,Nippon India Mutual Fund,NIPPON INDIA LIQUID FUND - DIRECT Plan - MONTHLY IDCW OPTION,1591.8872,07-Apr-2023 18:33:34
267,Nippon India Mutual Fund,NIPPON INDIA LIQUID FUND - DIRECT Plan - QUARTERLY IDCW OPTION,1009.3570,07-Apr-2023 18:33:34
268,Nippon India Mutual Fund,NIPPON INDIA LIQUID FUND - DIRECT Plan - WEEKLY IDCW OPTION,1532.7072,07-Apr-2023 18:33:34
269,Nippon India Mutual Fund,Nippon India Liquid Fund - Direct Plan Growth Plan - Growth Option,5515.5954,07-Apr-2023 18:33:34
270,Nippon India Mutual Fund,NIPPON INDIA LIQUID FUND - MONTHLY IDCW OPTION,1588.5094,07-Apr-2023 18:33:34
271,Nippon India Mutual Fund,NIPPON INDIA LIQUID FUND - QUARTERLY IDCW OPTION,1007.5483,07-Apr-2023 18:33:34
272,Nippon India Mutual Fund,Nippon India Liquid Fund - Retail Option - Growth Plan,4899.3789,07-Apr-2023 18:33:34
273,Nippon India Mutual Fund,NIPPON INDIA LIQUID FUND - RETAIL Plan - DAILY IDCW OPTION,1524.5325,07-Apr-2023 18:33:34
274,Nippon India Mutual Fund,NIPPON INDIA LIQUID FUND - RETAIL plan - MONTHLY IDCW OPTION,1330.1381,07-Apr-2023 18:33:34
275,Nippon India Mutual Fund,NIPPON INDIA LIQUID FUND - RETAIL Plan - QUARTERLY IDCW OPTION,1219.6412,07-Apr-2023 18:33:34
276,Nippon India Mutual Fund,NIPPON INDIA LIQUID FUND - RETAIL Plan - WEEKLY IDCW OPTION,1035.6499,07-Apr-2023 18:33:34
277,Nippon India Mutual Fund,NIPPON INDIA LIQUID FUND - WEEKLY IDCW OPTION,1532.6668,07-Apr-2023 18:33:34
278,Nippon India Mutual Fund,Nippon India Liquid Fund -Growth Plan,5461.6442,07-Apr-2023 18:33:34
279,Nippon India Mutual Fund,NIPPON INDIA OVERNIGHT FUND - DAILY IDCW Option,100.0230,07-Apr-2023 18:33:34
280,Nippon India Mutual Fund,NIPPON INDIA OVERNIGHT FUND - DIRECT Plan - DAILY IDCW Option,100.0233,07-Apr-2023 18:33:34
281,Nippon India Mutual Fund,Nippon India Overnight Fund - Direct Plan - Growth Option,120.5188,07-Apr-2023 18:33:34
282,Nippon India Mutual Fund,NIPPON INDIA OVERNIGHT FUND - DIRECT Plan - MONTHLY IDCW Option,100.3277,07-Apr-2023 18:33:34
283,Nippon India Mutual Fund,NIPPON INDIA OVERNIGHT FUND - DIRECT Plan - QUARTERLY IDCW Option,100.6789,07-Apr-2023 18:33:34
284,Nippon India Mutual Fund,NIPPON INDIA OVERNIGHT FUND - DIRECT Plan - WEEKLY IDCW Option,100.1331,07-Apr-2023 18:33:34
285,Nippon India Mutual Fund,NIPPON INDIA OVERNIGHT FUND - MONTHLY IDCW Option,100.3160,07-Apr-2023 18:33:34
286,Nippon India Mutual Fund,NIPPON INDIA OVERNIGHT FUND - QUARTERLY IDCW Option,100.6701,07-Apr-2023 18:33:34
287,Nippon India Mutual Fund,Nippon India Overnight Fund - Regular Plan - Growth Option,120.0141,07-Apr-2023 18:33:34
288,Nippon India Mutual Fund,NIPPON INDIA OVERNIGHT FUND - WEEKLY IDCW Option,100.1314,07-Apr-2023 18:33:34
289,NJ Mutual Fund,NJ Overnight Fund - Direct Plan - Growth Option,1041.0228,07-Apr-2023 19:26:00
290,NJ Mutual Fund,NJ Overnight Fund - Regular Plan - Growth Option,1040.3025,07-Apr-2023 19:26:00
291,PGIM India Mutual Fund,PGIM India Liquid Fund - Daily Dividend,100.304,07-Apr-2023 15:16:50
292,PGIM India Mutual Fund,PGIM India Liquid Fund - Direct Plan - Daily Dividend,108.57,07-Apr-2023 15:16:50
293,PGIM India Mutual Fund,PGIM India Liquid Fund - Direct Plan - Growth,293.8668,07-Apr-2023 15:16:50
294,PGIM India Mutual Fund,PGIM India Liquid Fund - Direct Plan - Monthly Dividend,111.0592,07-Apr-2023 15:16:50
295,PGIM India Mutual Fund,PGIM India Liquid Fund - Direct Plan - Weekly Dividend,100.5231,07-Apr-2023 15:16:50
296,PGIM India Mutual Fund,PGIM India Liquid Fund - Growth,291.2374,07-Apr-2023 15:16:50
297,PGIM India Mutual Fund,PGIM India Liquid Fund - Monthly Dividend,111.7037,07-Apr-2023 15:16:50
298,PGIM India Mutual Fund,PGIM India Liquid Fund - Weekly Dividend,100.5227,07-Apr-2023 15:16:50
299,PGIM India Mutual Fund,PGIM India Overnight Fund - Direct Plan - Daily Dividend Option,1000.0063,07-Apr-2023 15:16:50
300,PGIM India Mutual Fund,PGIM India Overnight Fund - Direct Plan - Growth Option,1158.5081,07-Apr-2023 15:16:50
301,PGIM India Mutual Fund,PGIM India Overnight Fund - Direct Plan - Weekly Dividend Option,1000.1834,07-Apr-2023 15:16:50
302,PGIM India Mutual Fund,PGIM India Overnight Fund - Regular Plan - Daily Dividend Option,1000,07-Apr-2023 15:16:50
303,PGIM India Mutual Fund,PGIM India Overnight Fund - Regular Plan - Weekly Dividend Option,1000.226,07-Apr-2023 15:16:50
304,PGIM India Mutual Fund,PGIM India Overnight Fund - Regular Plan- Growth Option,1154.9988,07-Apr-2023 15:16:50
305,Quantum Mutual Fund,Quantum Liquid Fund - Direct Plan Daily IDCW,10.0117,07-Apr-2023 01:54:02
306,Quantum Mutual Fund,Quantum Liquid Fund - Direct Plan Growth Option,30.3240,07-Apr-2023 01:54:02
307,Quantum Mutual Fund,Quantum Liquid Fund - Direct Plan Monthly IDCW,10.0373,07-Apr-2023 01:54:02
308,Quantum Mutual Fund,Quantum Liquid Fund - Regular Plan Daily IDCW,10.0002,07-Apr-2023 01:54:02
309,Quantum Mutual Fund,Quantum Liquid Fund - Regular Plan Growth Option,30.1795,07-Apr-2023 01:54:02
310,Quantum Mutual Fund,Quantum Liquid Fund - Regular Plan Monthly IDCW,10.0322,07-Apr-2023 01:54:02
311,Samco Mutual Fund,Samco Overnight Fund - Direct Plan - Growth Option,1030.8393,07-Apr-2023 00:21:49
312,Samco Mutual Fund,Samco Overnight Fund - Regular Plan - Growth Option,1029.8290,07-Apr-2023 00:21:49
313,SBI Mutual Fund,SBI Capital Protection Oriented Fund - Series A (Plan 3) - Direct Plan - Growth,13.3783,07-Apr-2023 17:24:14
314,SBI Mutual Fund,SBI Capital Protection Oriented Fund - Series A (Plan 3) - Regular Plan - Growth,13.1123,07-Apr-2023 17:24:14
315,SBI Mutual Fund,SBI Capital Protection Oriented Fund - Series A (Plan 4) - Direct Plan - Growth,13.3089,07-Apr-2023 17:24:14
316,SBI Mutual Fund,SBI Capital Protection Oriented Fund - Series A (Plan 4) - Regular Plan - Growth,13.0533,07-Apr-2023 17:24:14
317,SBI Mutual Fund,SBI Capital Protection Oriented Fund - Series A (Plan 5) - Direct Plan - Growth,13.1082,07-Apr-2023 17:24:14
318,SBI Mutual Fund,SBI Capital Protection Oriented Fund - Series A (Plan 5) - Regular Plan - Growth,12.8546,07-Apr-2023 17:24:14
319,SBI Mutual Fund,SBI Capital Protection Oriented Fund - Series A (Plan 6) - Direct Plan - Growth,12.9365,07-Apr-2023 17:24:14
320,SBI Mutual Fund,SBI Capital Protection Oriented Fund - Series A (Plan 6) - Regular Plan - Growth,12.6834,07-Apr-2023 17:24:14
321,SBI Mutual Fund,SBI Capital Protection Oriented Fund - Series A (Plan 7) - Direct Plan - Growth,12.4683,07-Apr-2023 17:24:14
322,SBI Mutual Fund,SBI Capital Protection Oriented Fund - Series A (Plan 7) - Regular Plan - Growth,12.2113,07-Apr-2023 17:24:14
323,SBI Mutual Fund,SBI Capital Protection Oriented Fund - Series A (Plan 8) - Direct Plan - Growth,12.7135,07-Apr-2023 17:24:14
324,SBI Mutual Fund,SBI Capital Protection Oriented Fund - Series A (Plan 8) - Regular Plan - Growth,12.4577,07-Apr-2023 17:24:14
325,SBI Mutual Fund,SBI Debt Fund Series C - 27 - (391 Days) - Direct Plan - Growth,13.8627,07-Apr-2023 17:24:14
326,SBI Mutual Fund,SBI Debt Fund Series C - 27 - (391 Days) - Regular Plan - Growth,13.6837,07-Apr-2023 17:24:14
327,SBI Mutual Fund,SBI Debt Fund Series - C - 28 (386 Days) - Direct Plan - Income Distribution cum Capital Withdrawal Option (IDCW),13.7214,07-Apr-2023 17:24:14
328,SBI Mutual Fund,SBI Debt Fund Series C - 28 - (386 Days) - Direct Plan - Growth,13.7174,07-Apr-2023 17:24:14
329,SBI Mutual Fund,SBI Debt Fund Series C - 28 - (386 Days) - Regular Plan - Growth,13.5223,07-Apr-2023 17:24:14
330,SBI Mutual Fund,SBI Debt Fund Series C - 30 - (385 Days) - Direct Plan - Growth,13.6903,07-Apr-2023 17:24:14
331,SBI Mutual Fund,SBI Debt Fund Series C - 30 - (385 Days) - Regular Plan - Growth,13.5229,07-Apr-2023 17:24:14
332,SBI Mutual Fund,SBI Debt Fund Series - C - 32 (380 Days) - Direct Plan - Income Distribution cum Capital Withdrawal Option (IDCW),13.6276,07-Apr-2023 17:24:14
333,SBI Mutual Fund,SBI Debt Fund Series C - 32 - (380 Days) - Direct Plan - Growth,13.6250,07-Apr-2023 17:24:14
334,SBI Mutual Fund,SBI Debt Fund Series C - 32 - (380 Days) - Regular Plan - Growth,13.4520,07-Apr-2023 17:24:14
335,SBI Mutual Fund,SBI Debt Fund Series - C - 35 (376 Days) - Direct Plan - Income Distribution cum Capital Withdrawal Option (IDCW),13.5533,07-Apr-2023 17:24:14
336,SBI Mutual Fund,SBI Debt Fund Series - C - 35 (376 Days) - Regular Plan - Income Distribution cum Capital Withdrawal Option (IDCW),13.4109,07-Apr-2023 17:24:14
337,SBI Mutual Fund,SBI Debt Fund Series C - 35 (376 Days) - Direct Plan - Growth,13.5521,07-Apr-2023 17:24:14
338,SBI Mutual Fund,SBI Debt Fund Series C - 35 (376 Days) - Regular Plan - Growth,13.4095,07-Apr-2023 17:24:14
339,SBI Mutual Fund,SBI Debt Fund Series - C - 38 (389 Days) - Direct Plan - Income Distribution cum Capital Withdrawal Option (IDCW),13.4284,07-Apr-2023 17:24:14
340,SBI Mutual Fund,SBI Debt Fund Series - C - 38 (389 Days) - Regular Plan - Income Distribution cum Capital Withdrawal Option (IDCW),13.2844,07-Apr-2023 17:24:14
341,SBI Mutual Fund,SBI Debt Fund Series C - 38 (389 Days) - Direct Plan - Growth,13.4237,07-Apr-2023 17:24:14
342,SBI Mutual Fund,SBI Debt Fund Series C - 38 (389 Days) - Regular Plan - Growth,13.2842,07-Apr-2023 17:24:14
343,SBI Mutual Fund,SBI Debt Fund Series - C - 43 (384 Days) - Direct Plan - Income Distribution cum Capital Withdrawal Option (IDCW),13.4513,07-Apr-2023 17:24:14
344,SBI Mutual Fund,SBI Debt Fund Series - C - 43 (384 Days) - Regular Plan - Income Distribution cum Capital Withdrawal Option (IDCW),13.3128,07-Apr-2023 17:24:14
345,SBI Mutual Fund,SBI Debt Fund Series C - 43 (384 Days) - Direct Plan - Growth,13.4517,07-Apr-2023 17:24:14
346,SBI Mutual Fund,SBI Debt Fund Series C - 43 (384 Days) - Regular Plan - Growth,13.3128,07-Apr-2023 17:24:14
347,SBI Mutual Fund,SBI Debt Fund Series - C - 44 (378 Days) - Direct Plan - Income Distribution cum Capital Withdrawal Option (IDCW),13.4542,07-Apr-2023 17:24:14
348,SBI Mutual Fund,SBI Debt Fund Series - C - 44 (378 Days) - Regular Plan - Income Distribution cum Capital Withdrawal Option (IDCW),13.3162,07-Apr-2023 17:24:14
349,SBI Mutual Fund,SBI Debt Fund Series C - 44 (378 Days) - Direct Plan - Growth,13.4535,07-Apr-2023 17:24:14
350,SBI Mutual Fund,SBI Debt Fund Series C - 44 (378 Days) - Regular Plan - Growth,13.3163,07-Apr-2023 17:24:14
351,SBI Mutual Fund,SBI Debt Fund Series - C - 46 (376 Days) - Direct Plan - Income Distribution cum Capital Withdrawal Option (IDCW),13.3083,07-Apr-2023 17:24:14
352,SBI Mutual Fund,SBI Debt Fund Series - C - 46 (376 Days) - Regular Plan - Income Distribution cum Capital Withdrawal Option (IDCW),13.1732,07-Apr-2023 17:24:14
353,SBI Mutual Fund,SBI Debt Fund Series C - 46 (376 Days) - Direct Plan- Growth,13.3101,07-Apr-2023 17:24:14
354,SBI Mutual Fund,SBI Debt Fund Series C - 46 (376 Days) - Regular Plan - Growth,13.1731,07-Apr-2023 17:24:14
355,SBI Mutual Fund,SBI Debt Fund Series C - 48 (385 Days) - Direct Plan - Growth,13.3371,07-Apr-2023 17:24:14
356,SBI Mutual Fund,SBI Debt Fund Series C - 48 (385 Days) - Direct Plan - Income Distribution cum Capital Withdrawal Option (IDCW),13.3377,07-Apr-2023 17:24:14
357,SBI Mutual Fund,SBI Debt Fund Series C - 48 (385 Days) - Regular Plan - Growth,13.2014,07-Apr-2023 17:24:14
358,SBI Mutual Fund,SBI Debt Fund Series C - 48 (385 Days) - Regular Plan - Income Distribution cum Capital Withdrawal Option (IDCW),13.2014,07-Apr-2023 17:24:14
359,SBI Mutual Fund,SBI Debt Fund Series - C - 49 (390 Days) - Direct Plan - Income Distribution cum Capital Withdrawal Option (IDCW),13.2793,07-Apr-2023 17:24:14
360,SBI Mutual Fund,SBI Debt Fund Series - C - 49 (390 Days) - Regular Plan - Income Distribution cum Capital Withdrawal Option (IDCW),13.1409,07-Apr-2023 17:24:14
361,SBI Mutual Fund,SBI Debt Fund Series C - 49 (390 Days) - Direct Plan - Growth,13.2799,07-Apr-2023 17:24:14
362,SBI Mutual Fund,SBI Debt Fund Series C - 49 (390 Days) - Regular Plan - Growth,13.1456,07-Apr-2023 17:24:14
363,SBI Mutual Fund,SBI Debt Fund Series - C - 50 (383 Days) - Direct Plan - Income Distribution cum Capital Withdrawal Option (IDCW),13.2154,07-Apr-2023 17:24:14
364,SBI Mutual Fund,SBI Debt Fund Series - C - 50 (383 Days) - Regular Plan - Income Distribution cum Capital Withdrawal Option (IDCW),13.0810,07-Apr-2023 17:24:14
365,SBI Mutual Fund,SBI Debt Fund Series C - 50 (383 Days) - Direct Plan - Growth,13.2139,07-Apr-2023 17:24:14
366,SBI Mutual Fund,SBI Debt Fund Series C - 50 (383 Days) - Regular Plan - Growth,13.0812,07-Apr-2023 17:24:14
367,SBI Mutual Fund,SBI Fixed Maturity Plan (FMP) - Series 1 (3668 Days) - Direct Plan - Growth,13.7488,07-Apr-2023 17:24:14
368,SBI Mutual Fund,SBI Fixed Maturity Plan (FMP) - Series 1 (3668 Days) - Direct Plan - Income Distribution cum Capital Withdrawal Option (IDCW),13.7507,07-Apr-2023 17:24:14
369,SBI Mutual Fund,SBI Fixed Maturity Plan (FMP) - Series 1 (3668 Days) - Regular Plan - Growth,13.6147,07-Apr-2023 17:24:14
370,SBI Mutual Fund,SBI Fixed Maturity Plan (FMP) - Series 1 (3668 Days) - Regular Plan - Income Distribution cum Capital Withdrawal Option (IDCW),13.6146,07-Apr-2023 17:24:14
371,SBI Mutual Fund,SBI Fixed Maturity Plan (FMP) - Series 14 (384 Days) - Direct Plan - Growth,12.7444,07-Apr-2023 17:24:14
372,SBI Mutual Fund,SBI Fixed Maturity Plan (FMP) - Series 14 (384 Days) - Direct Plan - Income Distribution cum Capital Withdrawal Option (IDCW),12.7460,07-Apr-2023 17:24:14
373,SBI Mutual Fund,SBI Fixed Maturity Plan (FMP) - Series 14 (384 Days) - Regular Plan - Growth,12.6273,07-Apr-2023 17:24:14
374,SBI Mutual Fund,SBI Fixed Maturity Plan (FMP) - Series 14 (384 Days) - Regular Plan - Income Distribution cum Capital Withdrawal Option (IDCW),12.6384,07-Apr-2023 17:24:14
375,SBI Mutual Fund,SBI Fixed Maturity Plan (FMP) - Series 27 (1203 Days) - Direct Plan - Growth,12.3451,07-Apr-2023 17:24:14
376,SBI Mutual Fund,SBI Fixed Maturity Plan (FMP) - Series 27 (1203 Days) - Direct Plan - Income Distribution cum Capital Withdrawal Option (IDCW),12.3451,07-Apr-2023 17:24:14
377,SBI Mutual Fund,SBI Fixed Maturity Plan (FMP) - Series 27 (1203 Days) - Regular Plan - Growth,12.2453,07-Apr-2023 17:24:14
378,SBI Mutual Fund,SBI Fixed Maturity Plan (FMP) - Series 27 (1203 Days) - Regular Plan - Income Distribution cum Capital Withdrawal Option (IDCW),12.2453,07-Apr-2023 17:24:14
379,SBI Mutual Fund,SBI Fixed Maturity Plan (FMP) - Series 28 (1163 Days) - Direct Plan - Growth,12.1392,07-Apr-2023 17:24:14
380,SBI Mutual Fund,SBI Fixed Maturity Plan (FMP) - Series 28 (1163 Days) - Direct Plan - Income Distribution cum Capital Withdrawal Option (IDCW),12.1392,07-Apr-2023 17:24:14
381,SBI Mutual Fund,SBI Fixed Maturity Plan (FMP) - Series 28 (1163 Days) - Regular Plan - Growth,12.0460,07-Apr-2023 17:24:14
382,SBI Mutual Fund,SBI Fixed Maturity Plan (FMP) - Series 28 (1163 Days) - Regular Plan - Income Distribution cum Capital Withdrawal Option (IDCW),12.0460,07-Apr-2023 17:24:14
383,SBI Mutual Fund,SBI Fixed Maturity Plan (FMP) - Series 31 (1160 Days) - Direct Plan - Growth,12.2167,07-Apr-2023 17:24:14
384,SBI Mutual Fund,SBI Fixed Maturity Plan (FMP) - Series 31 (1160 Days) - Direct Plan - Income Distribution cum Capital Withdrawal Option (IDCW),12.2167,07-Apr-2023 17:24:14
385,SBI Mutual Fund,SBI Fixed Maturity Plan (FMP) - Series 31 (1160 Days) - Regular Plan - Growth,12.1235,07-Apr-2023 17:24:14
386,SBI Mutual Fund,SBI Fixed Maturity Plan (FMP) - Series 31 (1160 Days) - Regular Plan - Income Distribution cum Capital Withdrawal Option (IDCW),12.1235,07-Apr-2023 17:24:14
387,SBI Mutual Fund,SBI Fixed Maturity Plan (FMP) - Series 32 (1140 Days) - Direct Plan - Growth,11.7845,07-Apr-2023 17:24:14
388,SBI Mutual Fund,SBI Fixed Maturity Plan (FMP) - Series 32 (1140 Days) - Direct Plan - Income Distribution cum Capital Withdrawal Option (IDCW),11.7844,07-Apr-2023 17:24:14
389,SBI Mutual Fund,SBI Fixed Maturity Plan (FMP) - Series 32 (1140 Days) - Regular Plan - Growth,11.6972,07-Apr-2023 17:24:14
390,SBI Mutual Fund,SBI Fixed Maturity Plan (FMP) - Series 32 (1140 Days) - Regular Plan - Income Distribution cum Capital Withdrawal Option (IDCW),11.6972,07-Apr-2023 17:24:14
391,SBI Mutual Fund,SBI Fixed Maturity Plan (FMP) - Series 33 (1128 Days) - Direct Plan - Growth,11.6427,07-Apr-2023 17:24:14
392,SBI Mutual Fund,SBI Fixed Maturity Plan (FMP) - Series 33 (1128 Days) - Direct Plan - Income Distribution cum Capital Withdrawal Option (IDCW),11.6416,07-Apr-2023 17:24:14
393,SBI Mutual Fund,SBI Fixed Maturity Plan (FMP) - Series 33 (1128 Days) - Regular Plan - Growth,11.5573,07-Apr-2023 17:24:14
394,SBI Mutual Fund,SBI Fixed Maturity Plan (FMP) - Series 33 (1128 Days) - Regular Plan - Income Distribution cum Capital Withdrawal Option (IDCW),11.5573,07-Apr-2023 17:24:14
395,SBI Mutual Fund,SBI Fixed Maturity Plan (FMP) - Series 34 (3682 Days) - Direct Plan - Growth,11.5769,07-Apr-2023 17:24:14
396,SBI Mutual Fund,SBI Fixed Maturity Plan (FMP) - Series 34 (3682 Days) - Direct Plan - Income Distribution cum Capital Withdrawal Option (IDCW),11.5769,07-Apr-2023 17:24:14
397,SBI Mutual Fund,SBI Fixed Maturity Plan (FMP) - Series 34 (3682 Days) - Regular Plan - Growth,11.4925,07-Apr-2023 17:24:14
398,SBI Mutual Fund,SBI Fixed Maturity Plan (FMP) - Series 34 (3682 Days) - Regular Plan - Income Distribution cum Capital Withdrawal Option (IDCW),11.4926,07-Apr-2023 17:24:14
399,SBI Mutual Fund,SBI Fixed Maturity Plan (FMP) - Series 41 (1498 Days) - Direct Plan - Growth,10.9704,07-Apr-2023 17:24:14
400,SBI Mutual Fund,SBI Fixed Maturity Plan (FMP) - Series 41 (1498 Days) - Regular Plan - Growth,10.9284,07-Apr-2023 17:24:14
401,SBI Mutual Fund,SBI Fixed Maturity Plan (FMP) - Series 41 (1498 Days) Direct Plan - Income Distribution cum Capital Withdrawal Option (IDCW),10.9704,07-Apr-2023 17:24:14
402,SBI Mutual Fund,SBI Fixed Maturity Plan (FMP) - Series 41 (1498 Days) Regular Plan - Income Distribution cum Capital Withdrawal Option (IDCW),10.9284,07-Apr-2023 17:24:14
403,SBI Mutual Fund,SBI Fixed Maturity Plan (FMP) - Series 46 (1850 Days) - Direct Plan - Growth,10.8720,07-Apr-2023 17:24:14
404,SBI Mutual Fund,SBI Fixed Maturity Plan (FMP) - Series 46 (1850 Days) - Direct Plan - Income Distribution cum Capital Withdrawal Option (IDCW),10.8720,07-Apr-2023 17:24:14
405,SBI Mutual Fund,SBI Fixed Maturity Plan (FMP) - Series 46 (1850 Days) - Regular Plan - Growth,10.8396,07-Apr-2023 17:24:14
406,SBI Mutual Fund,SBI Fixed Maturity Plan (FMP) - Series 46 (1850 Days) - Regular Plan - Income Distribution cum Capital Withdrawal Option (IDCW),10.8397,07-Apr-2023 17:24:14
407,SBI Mutual Fund,SBI Fixed Maturity Plan (FMP) Series 47 (1434 Days) - Direct Plan - Growth,10.7305,07-Apr-2023 17:24:14
408,SBI Mutual Fund,SBI Fixed Maturity Plan (FMP) Series 47 (1434 Days) - Direct Plan - Income Distribution cum Capital Withdrawal Option (IDCW),10.7305,07-Apr-2023 17:24:14
409,SBI Mutual Fund,SBI Fixed Maturity Plan (FMP) Series 47 (1434 Days) - Regular Plan - Growth,10.6999,07-Apr-2023 17:24:14
410,SBI Mutual Fund,SBI Fixed Maturity Plan (FMP) Series 47 (1434 Days) - Regular Plan - Income Distribution cum Capital Withdrawal Option (IDCW),10.6999,07-Apr-2023 17:24:14
411,SBI Mutual Fund,SBI Fixed Maturity Plan (FMP) - Series 48 (1458 Days) - Direct Plan - Growth,10.7034,07-Apr-2023 17:24:14
412,SBI Mutual Fund,SBI Fixed Maturity Plan (FMP) - Series 48 (1458 Days) - Direct Plan - Income Distribution cum Capital Withdrawal Option (IDCW),10.7034,07-Apr-2023 17:24:14
413,SBI Mutual Fund,SBI Fixed Maturity Plan (FMP) - Series 48 (1458 Days) - Regular Plan - Growth,10.6711,07-Apr-2023 17:24:14
414,SBI Mutual Fund,SBI Fixed Maturity Plan (FMP) - Series 48 (1458 Days) - Regular Plan - Income Distribution cum Capital Withdrawal Option (IDCW),10.6711,07-Apr-2023 17:24:14
415,SBI Mutual Fund,SBI Fixed Maturity Plan (FMP) - Series 49 (1823 Days) - Direct Plan - Growth,10.7161,07-Apr-2023 17:24:14
416,SBI Mutual Fund,SBI Fixed Maturity Plan (FMP) - Series 49 (1823 Days) - Direct Plan - Income Distribution cum Capital Withdrawal Option (IDCW),10.7161,07-Apr-2023 17:24:14
417,SBI Mutual Fund,SBI Fixed Maturity Plan (FMP) - Series 49 (1823 Days) - Regular Plan - Growth,10.6849,07-Apr-2023 17:24:14
418,SBI Mutual Fund,SBI Fixed Maturity Plan (FMP) - Series 49 (1823 Days) - Regular Plan - Income Distribution cum Capital Withdrawal Option (IDCW),10.6849,07-Apr-2023 17:24:14
419,SBI Mutual Fund,SBI Fixed Maturity Plan (FMP) - Series 50 (1843 Days) - Direct Plan - Growth,10.6127,07-Apr-2023 17:24:14
420,SBI Mutual Fund,SBI Fixed Maturity Plan (FMP) - Series 50 (1843 Days) - Direct Plan - Income Distribution Capital Withdrawal Option (IDCW),10.6127,07-Apr-2023 17:24:14
421,SBI Mutual Fund,SBI Fixed Maturity Plan (FMP) - Series 50 (1843 Days) - Regular Plan - Growth,10.5808,07-Apr-2023 17:24:14
422,SBI Mutual Fund,SBI Fixed Maturity Plan (FMP) - Series 50 (1843 Days) - Regular Plan -Income Distribution Capital Withdrawal Option (IDCW),10.5808,07-Apr-2023 17:24:14
423,SBI Mutual Fund,SBI Fixed Maturity Plan (FMP) - Series 51 (1846 Days) - Direct Plan - Growth,10.5888,07-Apr-2023 17:24:14
424,SBI Mutual Fund,SBI Fixed Maturity Plan (FMP) - Series 51 (1846 Days) - Direct Plan - Income Distribution Capital Withdrawal Option (IDCW),10.5893,07-Apr-2023 17:24:14
425,SBI Mutual Fund,SBI Fixed Maturity Plan (FMP) - Series 51 (1846 Days) - Regular Plan - Growth,10.5607,07-Apr-2023 17:24:14
426,SBI Mutual Fund,SBI Fixed Maturity Plan (FMP) - Series 51 (1846 Days) - Regular Plan - Income Distribution Capital Withdrawal Option (IDCW),10.5608,07-Apr-2023 17:24:14
427,SBI Mutual Fund,SBI Fixed Maturity Plan (FMP) - Series 52 (1848 Days) - Direct Plan - Growth,10.5808,07-Apr-2023 17:24:14
428,SBI Mutual Fund,SBI Fixed Maturity Plan (FMP) - Series 52 (1848 Days) - Direct Plan - Income Distribution Cum Withdrawal (IDCW),10.5808,07-Apr-2023 17:24:14
429,SBI Mutual Fund,SBI Fixed Maturity Plan (FMP) - Series 52 (1848 Days) - Regular Plan - Growth,10.5550,07-Apr-2023 17:24:14
430,SBI Mutual Fund,SBI Fixed Maturity Plan (FMP) - Series 52 (1848 Days) - Regular Plan - Income Distribution Cum Withdrawal (IDCW),10.5550,07-Apr-2023 17:24:14
431,SBI Mutual Fund,SBI Fixed Maturity Plan (FMP) - Series 53 (1839 Days) - Direct Plan - Growth,10.5809,07-Apr-2023 17:24:14
432,SBI Mutual Fund,SBI Fixed Maturity Plan (FMP) - Series 53 (1839 Days) - Direct Plan - Income Distribution Cum Withdrawal Option (IDCW),10.5809,07-Apr-2023 17:24:14
433,SBI Mutual Fund,SBI Fixed Maturity Plan (FMP) - Series 53 (1839 Days) - Regular Plan - Growth,10.5579,07-Apr-2023 17:24:14
434,SBI Mutual Fund,SBI Fixed Maturity Plan (FMP) - Series 53 (1839 Days) - Regular Plan - Income Distribution Cum Withdrawal Option (IDCW),10.5579,07-Apr-2023 17:24:14
435,SBI Mutual Fund,SBI Fixed Maturity Plan (FMP) - Series 54 (1842 Days) - Direct Plan - Growth,10.5604,07-Apr-2023 17:24:14
436,SBI Mutual Fund,SBI Fixed Maturity Plan (FMP) - Series 54 (1842 Days) - Direct Plan - Income Distribution Cum Withdrawal Option (IDCW),10.5607,07-Apr-2023 17:24:14
437,SBI Mutual Fund,SBI Fixed Maturity Plan (FMP) - Series 54 (1842 Days) - Regular Plan - Growth,10.5380,07-Apr-2023 17:24:14
438,SBI Mutual Fund,SBI Fixed Maturity Plan (FMP) - Series 54 (1842 Days) - Regular Plan - Income Distribution Cum Capital Withdrawal Option (IDCW),10.5380,07-Apr-2023 17:24:14
439,SBI Mutual Fund,SBI Fixed Maturity Plan (FMP) - Series 55 (1849 Days) - Direct Plan - Growth,10.5462,07-Apr-2023 17:24:14
440,SBI Mutual Fund,SBI Fixed Maturity Plan (FMP) - Series 55 (1849 Days) - Direct Plan - Income Distribution cum Capital Withdrawal Option (IDCW),10.5462,07-Apr-2023 17:24:14
441,SBI Mutual Fund,SBI Fixed Maturity Plan (FMP) - Series 55 (1849 Days) - Regular Plan - Growth,10.5245,07-Apr-2023 17:24:14
442,SBI Mutual Fund,SBI Fixed Maturity Plan (FMP) - Series 55 (1849 Days) - Regular Plan - Income Distribution Cum Capital Withdrawal Option (IDCW),10.5245,07-Apr-2023 17:24:14
443,SBI Mutual Fund,SBI Fixed Maturity Plan (FMP) - Series 56 (1232 Days) - Direct Plan - Growth,10.4477,07-Apr-2023 17:24:14
444,SBI Mutual Fund,SBI Fixed Maturity Plan (FMP) - Series 56 (1232 Days) - Direct Plan - Income Distribution cum Capital Withdrawal Option (IDCW),10.4476,07-Apr-2023 17:24:14
445,SBI Mutual Fund,SBI Fixed Maturity Plan (FMP) - Series 56 (1232 Days) - Regular Plan - Growth,10.4271,07-Apr-2023 17:24:14
446,SBI Mutual Fund,SBI Fixed Maturity Plan (FMP) - Series 56 (1232 Days) - Regular Plan - Income Distribution cum Capital Withdrawal Option (IDCW),10.4271,07-Apr-2023 17:24:14
447,SBI Mutual Fund,SBI Fixed Maturity Plan (FMP) - Series 57 (1835 Days) - Direct Plan - Growth,10.4671,07-Apr-2023 17:24:14
448,SBI Mutual Fund,SBI Fixed Maturity Plan (FMP) - Series 57 (1835 Days) - Direct Plan - Income Distribution cum Capital Withdrawal Option (IDCW),10.4671,07-Apr-2023 17:24:14
449,SBI Mutual Fund,SBI Fixed Maturity Plan (FMP) - Series 57 (1835 Days) - Regular Plan - Growth,10.4465,07-Apr-2023 17:24:14
450,SBI Mutual Fund,SBI Fixed Maturity Plan (FMP) - Series 57 (1835 Days) - Regular Plan - Income Distribution cum Capital Withdrawal Option (IDCW),10.4465,07-Apr-2023 17:24:14
451,SBI Mutual Fund,SBI Fixed Maturity Plan (FMP) - Series 58 (1842 Days) - Direct Plan - Growth,10.5544,07-Apr-2023 17:24:14
452,SBI Mutual Fund,SBI Fixed Maturity Plan (FMP) - Series 58 (1842 Days) - Direct Plan - Income Distribution cum Capital withdrawal option (IDCW),10.5544,07-Apr-2023 17:24:14
453,SBI Mutual Fund,SBI Fixed Maturity Plan (FMP) - Series 58 (1842 Days) - Regular Plan - Growth,10.5346,07-Apr-2023 17:24:14
454,SBI Mutual Fund,SBI Fixed Maturity Plan (FMP) - Series 58 (1842 Days) - Regular Plan - Income Distribution cum Capital withdrawal option (IDCW),10.5346,07-Apr-2023 17:24:14
455,SBI Mutual Fund,SBI Fixed Maturity Plan (FMP) - Series 59 (1618 Days) - Direct Plan - Growth,10.4962,07-Apr-2023 17:24:14
456,SBI Mutual Fund,SBI Fixed Maturity Plan (FMP) - Series 59 (1618 Days) - Direct Plan - Income Distribution cum Capital Withdrawal Option (IDCW),10.4952,07-Apr-2023 17:24:14
457,SBI Mutual Fund,SBI Fixed Maturity Plan (FMP) - Series 59 (1618 Days) - Regular Plan - Growth,10.4776,07-Apr-2023 17:24:14
458,SBI Mutual Fund,SBI Fixed Maturity Plan (FMP) - Series 59 (1618 Days) - Regular Plan - Income Distribution cum Capital Withdrawal Option (IDCW),10.4776,07-Apr-2023 17:24:14
459,SBI Mutual Fund,SBI Fixed Maturity Plan (FMP) - Series 6 (3668 Days) - Direct Plan - Growth,13.4193,07-Apr-2023 17:24:14
460,SBI Mutual Fund,SBI Fixed Maturity Plan (FMP) - Series 6 (3668 Days) - Direct Plan - Income Distribution cum Capital Withdrawal Option (IDCW),13.4193,07-Apr-2023 17:24:14
461,SBI Mutual Fund,SBI Fixed Maturity Plan (FMP) - Series 6 (3668 Days) - Regular Plan - Growth,13.2892,07-Apr-2023 17:24:14
462,SBI Mutual Fund,SBI Fixed Maturity Plan (FMP) - Series 6 (3668 Days) - Regular Plan - Income Distribution cum Capital Withdrawal Option (IDCW),13.2913,07-Apr-2023 17:24:14
463,SBI Mutual Fund,SBI Fixed Maturity Plan (FMP) - Series 60 (1878 Days) - Direct Plan - Growth,10.4521,07-Apr-2023 17:24:14
464,SBI Mutual Fund,SBI Fixed Maturity Plan (FMP) - Series 60 (1878 Days) - Direct Plan - Income Distribution cum Capital Withdrwal Option (IDCW),10.4528,07-Apr-2023 17:24:14
465,SBI Mutual Fund,SBI Fixed Maturity Plan (FMP) - Series 60 (1878 Days) - Regular Plan - Growth,10.4342,07-Apr-2023 17:24:14
466,SBI Mutual Fund,SBI Fixed Maturity Plan (FMP) - Series 60 (1878 Days) - Regular Plan - Income Distribution cum Capital Withdrawal Option (IDCW),10.4343,07-Apr-2023 17:24:14
467,SBI Mutual Fund,SBI Fixed Maturity Plan (FMP)- Series 61 (1927 Days)- Direct Plan- Growth option,10.4944,07-Apr-2023 17:24:14
468,SBI Mutual Fund,SBI Fixed Maturity Plan (FMP)- Series 61 (1927 Days)- Direct Plan- Income Distribution Cum Capital withdrawal option,10.4944,07-Apr-2023 17:24:14
469,SBI Mutual Fund,SBI Fixed Maturity Plan (FMP)- Series 61 (1927 Days)- Regular Plan- Growth option,10.4779,07-Apr-2023 17:24:14
470,SBI Mutual Fund,SBI Fixed Maturity Plan (FMP)- Series 61 (1927 Days)- Regular Plan- Income Distribution Cum Capital withdrawal option,10.4779,07-Apr-2023 17:24:14
471,SBI Mutual Fund,SBI Fixed Maturity Plan (FMP) - Series 63 (372 Days) - Direct Plan - Growth,10.3528,07-Apr-2023 17:24:14
472,SBI Mutual Fund,SBI Fixed Maturity Plan (FMP) - Series 63 (372 Days) - Direct Plan - IDCW Payout,10.3528,07-Apr-2023 17:24:14
473,SBI Mutual Fund,SBI Fixed Maturity Plan (FMP) - Series 63 (372 Days) - Regular Plan - Growth,10.3463,07-Apr-2023 17:24:14
474,SBI Mutual Fund,SBI Fixed Maturity Plan (FMP) - Series 63 (372 Days) - Regular Plan - IDCW Payout,10.3463,07-Apr-2023 17:24:14
475,SBI Mutual Fund,SBI Fixed Maturity Plan (FMP) - Series 64 (1169 Days) - Direct Plan - Growth,10.3728,07-Apr-2023 17:24:14
476,SBI Mutual Fund,SBI Fixed Maturity Plan (FMP) - Series 64 (1169 Days) - Direct Plan - IDCW Payout,10.3728,07-Apr-2023 17:24:14
477,SBI Mutual Fund,SBI Fixed Maturity Plan (FMP) - Series 64 (1169 Days) - Regular Plan - Growth,10.3634,07-Apr-2023 17:24:14
478,SBI Mutual Fund,SBI Fixed Maturity Plan (FMP) - Series 64 (1169 Days) - Regular Plan - IDCW Payout,10.3634,07-Apr-2023 17:24:14
479,SBI Mutual Fund,SBI Fixed Maturity Plan (FMP) - Series 65 (367 Days) - Direct Plan - Growth,10.3520,07-Apr-2023 17:24:14
480,SBI Mutual Fund,SBI Fixed Maturity Plan (FMP) - Series 65 (367 Days) - Direct Plan - IDCW Payout,10.3520,07-Apr-2023 17:24:14
481,SBI Mutual Fund,SBI Fixed Maturity Plan (FMP) - Series 65 (367 Days) - Regular Plan - Growth,10.3459,07-Apr-2023 17:24:14
482,SBI Mutual Fund,SBI Fixed Maturity Plan (FMP) - Series 65 (367 Days) - Regular Plan - IDCW Payout,10.3459,07-Apr-2023 17:24:14
483,SBI Mutual Fund,SBI Fixed Maturity Plan (FMP) - Series 66 (1361 Days) - Direct Plan - Growth,10.5408,07-Apr-2023 17:24:14
484,SBI Mutual Fund,SBI Fixed Maturity Plan (FMP) - Series 66 (1361 Days) - Direct Plan - Income Distribution cum Capital Withdrawal Option (IDCW),10.5408,07-Apr-2023 17:24:14
485,SBI Mutual Fund,SBI Fixed Maturity Plan (FMP) - Series 66 (1361 Days) - Regular Plan - Growth,10.5294,07-Apr-2023 17:24:14
486,SBI Mutual Fund,SBI Fixed Maturity Plan (FMP) - Series 66 (1361 Days) - Regular Plan - Income Distribution cum Capital Withdrawal Option (IDCW),10.5294,07-Apr-2023 17:24:14
487,SBI Mutual Fund,SBI Fixed Maturity Plan (FMP) - Series 67 (1467 Days) - Direct Plan - Growth,10.5066,07-Apr-2023 17:24:14
488,SBI Mutual Fund,SBI Fixed Maturity Plan (FMP) - Series 67 (1467 Days) - Direct Plan - IDCW Payout,10.5066,07-Apr-2023 17:24:14
489,SBI Mutual Fund,SBI Fixed Maturity Plan (FMP) - Series 67 (1467 Days) - Regular Plan - Growth,10.4956,07-Apr-2023 17:24:14
490,SBI Mutual Fund,SBI Fixed Maturity Plan (FMP) - Series 67 (1467 Days) - Regular Plan - IDCW Payout,10.4960,07-Apr-2023 17:24:14
491,SBI Mutual Fund,SBI Fixed Maturity Plan (FMP) - Series 68 (1302 Days) - Direct Plan - Growth,10.4364,07-Apr-2023 17:24:14
492,SBI Mutual Fund,SBI Fixed Maturity Plan (FMP) - Series 68 (1302 Days) - Direct Plan - IDCW Payout,10.4373,07-Apr-2023 17:24:14
493,SBI Mutual Fund,SBI Fixed Maturity Plan (FMP) - Series 68 (1302 Days) - Regular Plan - Growth,10.4279,07-Apr-2023 17:24:14
494,SBI Mutual Fund,SBI Fixed Maturity Plan (FMP) - Series 68 (1302 Days) - Regular Plan - IDCW Payout,10.4279,07-Apr-2023 17:24:14
495,SBI Mutual Fund,SBI Fixed Maturity Plan (FMP) - Series 69 (367 Days) - Direct Plan - Growth,10.3251,07-Apr-2023 17:24:14
496,SBI Mutual Fund,SBI Fixed Maturity Plan (FMP) - Series 69 (367 Days) - Direct Plan - IDCW Payout,10.3251,07-Apr-2023 17:24:14
497,SBI Mutual Fund,SBI Fixed Maturity Plan (FMP) - Series 69 (367 Days) - Regular Plan - Growth,10.3202,07-Apr-2023 17:24:14
498,SBI Mutual Fund,SBI Fixed Maturity Plan (FMP) - Series 69 (367 Days) - Regular Plan - IDCW Payout,10.3201,07-Apr-2023 17:24:14
499,SBI Mutual Fund,SBI Fixed Maturity Plan (FMP) - Series 71 (364 Days) - Direct Plan - Growth,10.2904,07-Apr-2023 17:24:14
500,SBI Mutual Fund,SBI Fixed Maturity Plan (FMP) - Series 71 (364 Days) - Direct Plan - Income Distribution cum Capital Withdrawal Option (IDCW),10.2904,07-Apr-2023 17:24:14
501,SBI Mutual Fund,SBI Fixed Maturity Plan (FMP) - Series 71 (364 Days) - Regular Plan - Growth,10.2847,07-Apr-2023 17:24:14
502,SBI Mutual Fund,SBI Fixed Maturity Plan (FMP) - Series 71 (364 Days) - Regular Plan - Income Distribution cun Capital Withdrawal Option (IDCW),10.2847,07-Apr-2023 17:24:14
503,SBI Mutual Fund,SBI Fixed Maturity Plan (FMP) - Series 79 (1170 Days) - Direct Plan - Growth,10.1378,07-Apr-2023 17:24:14
504,SBI Mutual Fund,SBI Fixed Maturity Plan (FMP) - Series 79 (1170 Days) - Direct Plan - Income Distribution cum Capital Withdrawal Payout,10.1378,07-Apr-2023 17:24:14
505,SBI Mutual Fund,SBI Fixed Maturity Plan (FMP) - Series 79 (1170 Days) - Regular Plan - Growth,10.1368,07-Apr-2023 17:24:14
506,SBI Mutual Fund,SBI Fixed Maturity Plan (FMP) - Series 79 (1170 Days) - Regular Plan - Income Distribution cum Capital Withdrawal Payout,10.1368,07-Apr-2023 17:24:14
507,SBI Mutual Fund,SBI Fixed Maturity Plan (FMP) - Series 42 (1857 Days) Direct Plan - Income Distribution cum Capital Withdrawal Option (IDCW),11.0341,07-Apr-2023 17:24:14
508,SBI Mutual Fund,SBI Fixed Maturity Plan (FMP) - Series 42 (1857 Days) Regular Plan - Income Distribution cum Capital Withdrawal Option (IDCW),10.9960,07-Apr-2023 17:24:14
509,SBI Mutual Fund,SBI Fixed Maturity Plan (FMP) Series 42 (1857 Days) - Direct Plan - Growth,11.0340,07-Apr-2023 17:24:14
510,SBI Mutual Fund,SBI Fixed Maturity Plan (FMP) Series 42 (1857 Days) - Regular Plan - Growth,10.9960,07-Apr-2023 17:24:14
511,SBI Mutual Fund,SBI Fixed Maturity Plan (FMP) Series 43 (1616 Days) - Direct Plan - Growth,10.9466,07-Apr-2023 17:24:14
512,SBI Mutual Fund,SBI Fixed Maturity Plan (FMP) Series 43 (1616 Days) - Direct Plan - Income Distribution cum Capital Withdrawal Option (IDCW),10.9466,07-Apr-2023 17:24:14
513,SBI Mutual Fund,SBI Fixed Maturity Plan (FMP) Series 43 (1616 Days) - Regular Plan - Growth,10.9126,07-Apr-2023 17:24:14
514,SBI Mutual Fund,SBI Fixed Maturity Plan (FMP) Series 43 (1616 Days) - Regular Plan - Income Distribution cum Capital Withdrawal Option (IDCW),10.9127,07-Apr-2023 17:24:14
515,SBI Mutual Fund,SBI Fixed Maturity Plan (FMP) - Series 44 (1855 Days) - Direct Plan - Growth,10.8787,07-Apr-2023 17:24:14
516,SBI Mutual Fund,SBI Fixed Maturity Plan (FMP) - Series 44 (1855 Days) - Direct Plan - Income Distribution cum Capital Withdrawal Option (IDCW),10.8787,07-Apr-2023 17:24:14
517,SBI Mutual Fund,SBI Fixed Maturity Plan (FMP) - Series 44 (1855 Days) - Regular Plan - Growth,10.8466,07-Apr-2023 17:24:14
518,SBI Mutual Fund,SBI Fixed Maturity Plan (FMP) Series 44 (1855 Days) - Regular Plan - Income Distribution cum Capital Withdrawal Option (IDCW),10.8466,07-Apr-2023 17:24:14
519,SBI Mutual Fund,SBI Fixed Maturity Plan (FMP) Series 45 (1840 Days) - Direct Plan - Growth,10.8619,07-Apr-2023 17:24:14
520,SBI Mutual Fund,SBI Fixed Maturity Plan (FMP) Series 45 (1840 Days) - Direct Plan - Income Distribution cum Capital Withdrawal Option (IDCW),10.8619,07-Apr-2023 17:24:14
521,SBI Mutual Fund,SBI Fixed Maturity Plan (FMP) Series 45 (1840 Days) - Regular Plan - Growth,10.8305,07-Apr-2023 17:24:14
522,SBI Mutual Fund,SBI Fixed Maturity Plan (FMP) Series 45 (1840Days) - Regular Plan - Income Distribution cum Capital Withdrawal Option (IDCW),10.8305,07-Apr-2023 17:24:14
523,SBI Mutual Fund,SBI Fixed Maturity Plan (FMP)-Series 72 (1239 Days) Direct Plan- Growth,10.2746,07-Apr-2023 17:24:14
524,SBI Mutual Fund,SBI Fixed Maturity Plan (FMP)-Series 72 (1239 Days) Direct Plan- Income Distribution Cum Capital Withdrawal Payout,10.2745,07-Apr-2023 17:24:14
525,SBI Mutual Fund,SBI Fixed Maturity Plan (FMP)-Series 72 (1239 Days) Regular Plan- Growth,10.2688,07-Apr-2023 17:24:14
526,SBI Mutual Fund,SBI Fixed Maturity Plan (FMP)-Series 72 (1239 Days) Regular Plan- Income Distribution Cum Capital Withdrawal Payout,10.2688,07-Apr-2023 17:24:14
527,SBI Mutual Fund,SBI Fixed Maturity Plan (FMP) - Series 73 (1226 Days) - Direct Plan - Growth,10.2516,07-Apr-2023 17:24:14
528,SBI Mutual Fund,SBI Fixed Maturity Plan (FMP) - Series 73 (1226 Days) - Direct Plan - IDCW Payout,10.2516,07-Apr-2023 17:24:14
529,SBI Mutual Fund,SBI Fixed Maturity Plan (FMP) - Series 73 (1226 Days) - Regular Plan - Growth,10.2465,07-Apr-2023 17:24:14
530,SBI Mutual Fund,SBI Fixed Maturity Plan (FMP) - Series 73 (1226 Days) - Regular Plan - IDCW Payout,10.2465,07-Apr-2023 17:24:14
531,SBI Mutual Fund,SBI Fixed Maturity Plan (FMP)-Series 74 (1243 Days)- Direct Plan- Growth,10.2245,07-Apr-2023 17:24:14
532,SBI Mutual Fund,SBI Fixed Maturity Plan (FMP)-Series 74 (1243 Days)- Direct Plan- Income Distribution Cum Capital Withdrawal Payout,10.2245,07-Apr-2023 17:24:14
533,SBI Mutual Fund,SBI Fixed Maturity Plan (FMP)-Series 74 (1243 Days)- Regular Plan- Growth,10.2205,07-Apr-2023 17:24:14
534,SBI Mutual Fund,SBI Fixed Maturity Plan (FMP)-Series 74 (1243 Days)- Regular Plan- Income Distribution Cum Capital Withdrawal Payout,10.2205,07-Apr-2023 17:24:14
535,SBI Mutual Fund,SBI Fixed Maturity Plan (FMP)-Series 75 (366 Days) - Direct Plan- Income Distribution Cum Capital Withdrawal Payout,10.1866,07-Apr-2023 17:24:14
536,SBI Mutual Fund,SBI Fixed Maturity Plan (FMP)-Series 75 (366 Days)- Direct Plan- Growth,10.1865,07-Apr-2023 17:24:14
537,SBI Mutual Fund,SBI Fixed Maturity Plan (FMP)-Series 75 (366 Days)- Regular Plan- Growth,10.1840,07-Apr-2023 17:24:14
538,SBI Mutual Fund,SBI Fixed Maturity Plan (FMP)-Series 75 (366 Days)- Regular Plan- Income Distribution Cum Capital Withdrawal Payout,10.1840,07-Apr-2023 17:24:14
539,SBI Mutual Fund,SBI Fixed Maturity Plan (FMP) - Series 76 (1221 Days) - Direct Plan - Growth,10.1907,07-Apr-2023 17:24:14
540,SBI Mutual Fund,SBI Fixed Maturity Plan (FMP) - Series 76 (1221 Days) - Direct Plan - Income Distribution Cum Capital Withdrawal Payout,10.1906,07-Apr-2023 17:24:14
541,SBI Mutual Fund,SBI Fixed Maturity Plan (FMP) - Series 76 (1221 Days) - Regular Plan - Growth,10.1876,07-Apr-2023 17:24:14
542,SBI Mutual Fund,SBI Fixed Maturity Plan (FMP) - Series 76 (1221 Days) - Regular Plan - Income Distribution Cum Capital Withdrawal Payout,10.1876,07-Apr-2023 17:24:14
543,SBI Mutual Fund,SBI Fixed Maturity Plan (FMP)-Series 77 (366 Days) Direct Plan- Growth,10.1272,07-Apr-2023 17:24:14
544,SBI Mutual Fund,SBI Fixed Maturity Plan (FMP)-Series 77 (366 Days) Direct Plan- Income Distribution Cum Capital Withdrawal Payout,10.1272,07-Apr-2023 17:24:14
545,SBI Mutual Fund,SBI Fixed Maturity Plan (FMP)-Series 77 (366 Days)- Regular Plan- Growth,10.1257,07-Apr-2023 17:24:14
546,SBI Mutual Fund,SBI Fixed Maturity Plan (FMP)-Series 77 (366 Days)- Regular Plan- Income Distribution Cum Capital Withdrawal Payout,10.1257,07-Apr-2023 17:24:14
547,SBI Mutual Fund,SBI Fixed Maturity Plan (FMP)-Series 78 (1170 Days) Direct Plan- Growth,10.1679,07-Apr-2023 17:24:14
548,SBI Mutual Fund,SBI Fixed Maturity Plan (FMP)-Series 78 (1170 Days) Direct Plan- Income Distribution Cum Capital Withdrawal Payout,10.1678,07-Apr-2023 17:24:14
549,SBI Mutual Fund,SBI Fixed Maturity Plan (FMP)-Series 78 (1170 Days) Regular Plan- Growth,10.1660,07-Apr-2023 17:24:14
550,SBI Mutual Fund,SBI Fixed Maturity Plan (FMP)-Series 78 (1170 Days) Regular Plan- Income Distribution Cum Capital Withdrawal Payout,10.1660,07-Apr-2023 17:24:14
551,SBI Mutual Fund,SBI Fixed Maturity Plan (FMP)-Series 80 (366 Days) Direct Plan- Growth,10.0543,07-Apr-2023 17:24:14
552,SBI Mutual Fund,SBI Fixed Maturity Plan (FMP)-Series 80 (366 Days) Direct Plan- Income Distribution Cum Capital Withdrawal Payout Option,10.0543,07-Apr-2023 17:24:14
553,SBI Mutual Fund,SBI Fixed Maturity Plan (FMP)-Series 80 (366 Days) Regular Plan- Growth,10.0538,07-Apr-2023 17:24:14
554,SBI Mutual Fund,SBI Fixed Maturity Plan (FMP)-Series 80 (366 Days)- Regular Plan- Income Distribution Cum Capital Withdrawal Payout Option,10.0538,07-Apr-2023 17:24:14
555,SBI Mutual Fund,SBI Fixed Maturity Plan (FMP)-Series 82 (91 Days) Direct Plan- Growth,10.0378,07-Apr-2023 17:24:14
556,SBI Mutual Fund,SBI Fixed Maturity Plan (FMP)-Series 82 (91 Days) Direct Plan- Income Distribution Cum Capital Withdrawal Payout,10.0378,07-Apr-2023 17:24:14
557,SBI Mutual Fund,SBI Fixed Maturity Plan (FMP)-Series 82 (91 Days) Regular Plan- Growth,10.0374,07-Apr-2023 17:24:14
558,SBI Mutual Fund,SBI Fixed Maturity Plan (FMP)-Series 82 (91 Days) Regular Plan- Income Distribution Cum Capital Withdrawal Payout,10.0374,07-Apr-2023 17:24:14
559,SBI Mutual Fund,SBI Liquid Fund - Direct Paln - Fortnightly Income Distribution cum Capital Withdrawal Option (IDCW),1152.3842,07-Apr-2023 17:24:14
560,SBI Mutual Fund,SBI Liquid Fund - Direct Plan - Daily Income Distribution cum Capital Withdrawal Option (IDCW),1138.7608,07-Apr-2023 17:24:14
561,SBI Mutual Fund,SBI Liquid Fund - Direct Plan - Weekly Income Distribution cum Capital Withdrawal Option (IDCW),1205.2787,07-Apr-2023 17:24:14
562,SBI Mutual Fund,SBI Liquid Fund - DIRECT PLAN -Growth,3528.9632,07-Apr-2023 17:24:14
563,SBI Mutual Fund,SBI Liquid Fund - Institutional - Growth,3534.7131,07-Apr-2023 17:24:14
564,SBI Mutual Fund,SBI Liquid Fund - Institutional Daily Income Distribution cum Capital Withdrawal Option (IDCW),1135.5662,07-Apr-2023 17:24:14
565,SBI Mutual Fund,SBI Liquid Fund - Institutional Fortnightly Income Distribution cum Capital Withdrawal Option (IDCW),1161.9736,07-Apr-2023 17:24:14
566,SBI Mutual Fund,SBI Liquid Fund - Regular Plan - Daily Income Distribution cum Capital Withdrawal Option (IDCW),1135.5636,07-Apr-2023 17:24:14
567,SBI Mutual Fund,SBI Liquid Fund - Regular Plan - Fortnightly Income Distribution cum Capital Withdrawal Option (IDCW),1149.1629,07-Apr-2023 17:24:14
568,SBI Mutual Fund,SBI Liquid Fund - Regular Plan - Weekly Income Distribution cum Capital Withdrawal Option (IDCW),1201.8892,07-Apr-2023 17:24:14
569,SBI Mutual Fund,SBI Liquid Fund - REGULAR PLAN -Growth,3501.6148,07-Apr-2023 17:24:14
570,SBI Mutual Fund,SBI Overnight Fund - Direct Plan - Daily Income Distribution cum Capital Withdrawal Option (IDCW),1134.1083,07-Apr-2023 17:24:14
571,SBI Mutual Fund,SBI OVERNIGHT FUND - DIRECT PLAN - GROWTH,3653.8549,07-Apr-2023 17:24:14
572,SBI Mutual Fund,SBI Overnight Fund - Direct Plan - Weekly Income Distribution cum Capital Withdrawal Option (IDCW),1158.0909,07-Apr-2023 17:24:14
573,SBI Mutual Fund,SBI Overnight Fund - Regular Plan - Daily Income Distribution cum Capital Withdrawal Option (IDCW),1131.5251,07-Apr-2023 17:24:14
574,SBI Mutual Fund,SBI OVERNIGHT FUND - REGULAR PLAN - GROWTH,3612.8213,07-Apr-2023 17:24:14
575,SBI Mutual Fund,SBI Overnight Fund - Regular Plan - Weekly Income Distribution cum Capital Withdrawal Option (IDCW),1155.3797,07-Apr-2023 17:24:14
576,Shriram Mutual Fund,Shriram Overnight Fund - Direct Growth,10.3857,07-Apr-2023 11:01:52
577,Shriram Mutual Fund,Shriram Overnight Fund - Direct Daily IDCW,10.0000,07-Apr-2023 11:01:52
578,Shriram Mutual Fund,Shriram Overnight Fund - Regular Daily IDCW,10.0000,07-Apr-2023 11:01:52
579,Shriram Mutual Fund,Shriram Overnight Fund - Regular Growth,10.3794,07-Apr-2023 11:01:52
580,Shriram Mutual Fund,Shriram Overnight Fund - Regular Monthly IDCW,10.0414,07-Apr-2023 11:01:52
581,Shriram Mutual Fund,Shriram Overnight Fund - Regular Weekly IDCW,10.0067,07-Apr-2023 11:01:52
582,Sundaram Mutual Fund,Sundaram Liquid Fund (Formerly Known as Principal Cash Management Fund) Direct Quarterly IDCW,1056.0238,07-Apr-2023 17:56:17
583,Sundaram Mutual Fund,Sundaram Liquid Fund (Formerly Known as Principal Cash Management Fund) Regular Plan Principal Units,1093.0914,07-Apr-2023 17:56:17
584,Sundaram Mutual Fund,Sundaram Liquid Fund (Formerly Known as Principal Cash Management Fund )- Direct Plan - Income Distribution CUM Capital Withdrawal Option - Daily,1000.8186,07-Apr-2023 17:56:17
585,Sundaram Mutual Fund,Sundaram Liquid Fund (Formerly Known as Principal Cash Management Fund) - Daily Income Distribution CUM Capital Withdrawal,1001.0712,07-Apr-2023 17:56:17
586,Sundaram Mutual Fund,Sundaram Liquid Fund (Formerly Known as Principal Cash Management Fund) - Direct Plan - Growth Option,1990.8418,07-Apr-2023 17:56:17
587,Sundaram Mutual Fund,Sundaram Liquid Fund (Formerly Known as Principal Cash Management Fund) - Monthly Income Distribution CUM Capital Withdrawal Option,1028.9656,07-Apr-2023 17:56:17
588,Sundaram Mutual Fund,Sundaram Liquid Fund (Formerly Known as Principal Cash Management Fund) -Direct Plan - Income Distribution CUM Capital Withdrawal Option - Monthly,1029.0816,07-Apr-2023 17:56:17
589,Sundaram Mutual Fund,Sundaram Liquid Fund (Formerly Known as Principal Cash Management Fund) -Growth Option,1974.7610,07-Apr-2023 17:56:17
590,Sundaram Mutual Fund,Sundaram Liquid Fund (Formerly Known as Principal Cash Management Fund) Direct Fortnightly IDCW,1026.5441,07-Apr-2023 17:56:17
591,Sundaram Mutual Fund,Sundaram Liquid Fund (Formerly Known as Principal Cash Management Fund) Direct Principal Units,1094.7836,07-Apr-2023 17:56:17
592,Sundaram Mutual Fund,Sundaram Liquid Fund (Formerly Known as Principal Cash Management Fund) Regular Fortnightly IDCW,1026.4656,07-Apr-2023 17:56:17
593,Sundaram Mutual Fund,Sundaram Liquid Fund (Formerly Known as Principal Cash Management Fund) Regular Quarterly IDCW,1054.3642,07-Apr-2023 17:56:17
594,Sundaram Mutual Fund,Sundaram Liquid Fund (Formerly Principal Cash Management Fund) - Weekly Income Distribution CUM Capital Withdrawal Option,1006.7531,07-Apr-2023 17:56:17
595,Sundaram Mutual Fund,Sundaram Liquid Fund(Formerly Known as Principal Cash Management Fund)- Direct Plan - Income Distribution CUM Capital Withdrawal Option - Weekly,1007.2151,07-Apr-2023 17:56:17
596,Sundaram Mutual Fund,Sundaram Overnight Fund Direct Plan - Daily Reinvestment of Income Distribution cum Capital Withdrawal (IDCW),1000.1968,07-Apr-2023 17:56:17
597,Sundaram Mutual Fund,Sundaram Overnight Fund Direct Plan - Fortnightly Reinvestment of Income Distribution cum Capital Withdrawal (IDCW),1065.2684,07-Apr-2023 17:56:17
598,Sundaram Mutual Fund,Sundaram Overnight Fund Direct Plan - Growth,1192.7845,07-Apr-2023 17:56:17
599,Sundaram Mutual Fund,Sundaram Overnight Fund Direct Plan - Monthly Payout of Income Distribution cum Capital Withdrawal (IDCW),1046.3017,07-Apr-2023 17:56:17
600,Sundaram Mutual Fund,Sundaram Overnight Fund Direct Plan - Monthly Reinvestment of Income Distribution cum Capital Withdrawal (IDCW),1046.3017,07-Apr-2023 17:56:17
601,Sundaram Mutual Fund,Sundaram Overnight Fund Direct Plan - Weekly Reinvestment of Income Distribution cum Capital Withdrawal (IDCW),1048.4789,07-Apr-2023 17:56:17
602,Sundaram Mutual Fund,Sundaram Overnight Fund Regular Plan - Daily Reinvestment of Income Distribution cum Capital Withdrawal (IDCW),1000.1977,07-Apr-2023 17:56:17
603,Sundaram Mutual Fund,Sundaram Overnight Fund Regular Plan - Fortnightly Reinvestment of Income Distribution cum Capital Withdrawal (IDCW),1066.8592,07-Apr-2023 17:56:17
604,Sundaram Mutual Fund,Sundaram Overnight Fund Regular Plan - Growth,1188.0501,07-Apr-2023 17:56:17
605,Sundaram Mutual Fund,Sundaram Overnight Fund Regular Plan - Monthly Payout of Income Distribution cum Capital Withdrawal (IDCW),1042.6673,07-Apr-2023 17:56:17
606,Sundaram Mutual Fund,Sundaram Overnight Fund Regular Plan - Monthly Reinvestment of Income Distribution cum Capital Withdrawal (IDCW),1042.6673,07-Apr-2023 17:56:17
607,Sundaram Mutual Fund,Sundaram Overnight Fund Regular Plan - Weekly Payout of Income Distribution cum Capital Withdrawal (IDCW),1047.3718,07-Apr-2023 17:56:17
608,Sundaram Mutual Fund,Sundaram Overnight Fund Unclaimed IDCW beyond three years,1000.0000,07-Apr-2023 17:56:17
609,Sundaram Mutual Fund,Sundaram Overnight Fund Unclaimed IDCW upto three years,1062.4164,07-Apr-2023 17:56:17
610,Sundaram Mutual Fund,Sundaram Overnight Fund Unclaimed Redemption beyond three years,1000.0000,07-Apr-2023 17:56:17
611,Sundaram Mutual Fund,Sundaram Overnight Fund Unclaimed Redemption upto three years,1062.4059,07-Apr-2023 17:56:17
612,Tata Mutual Fund,Tata Liquid Fund -Regular Plan - Growth Option,3523.5352,07-Apr-2023 13:17:02
613,Tata Mutual Fund,Tata Liquid Fund- Direct Plan - Daily Reinvestment of IDCW Option,1001.5187,07-Apr-2023 13:17:02
614,Tata Mutual Fund,Tata Liquid Fund- Direct Plan-Growth Option,3556.7315,07-Apr-2023 13:17:02
615,Tata Mutual Fund,Tata Liquid Fund- Regular Plan - Daily Reinvestment of IDCW Option,1001.5157,07-Apr-2023 13:17:02
616,Tata Mutual Fund,TATA Overnight Fund Direct Plan - Daily Reinvestment of Income Distribution cum capital withdrawal option,1000.0000,07-Apr-2023 13:17:02
617,Tata Mutual Fund,TATA Overnight Fund Regular Plan - Daily Reinvestment of Income Distribution cum capital withdrawal option,1000.0000,07-Apr-2023 13:17:02
618,Tata Mutual Fund,Tata Overnight Fund-Direct Plan-Growth,1184.1171,07-Apr-2023 13:17:02
619,Tata Mutual Fund,Tata Overnight Fund-Regular Plan-Growth,1179.0170,07-Apr-2023 13:17:02
620,Union Mutual Fund,Union Liquid Fund - Daily IDCW Option,1000.7927,07-Apr-2023 01:16:16
621,Union Mutual Fund,Union Liquid Fund - Direct Plan - Daily IDCW Option,1000.7927,07-Apr-2023 01:16:16
622,Union Mutual Fund,Union Liquid Fund - Direct Plan - Fortnightly IDCW Option,1003.6689,07-Apr-2023 01:16:16
623,Union Mutual Fund,Union Liquid Fund - Direct Plan - Growth Option,2172.9509,07-Apr-2023 01:16:16
624,Union Mutual Fund,Union Liquid Fund - Direct Plan - Monthly IDCW Option,1003.6671,07-Apr-2023 01:16:16
625,Union Mutual Fund,Union Liquid Fund - Direct Plan - Weekly IDCW Option,1001.4984,07-Apr-2023 01:16:16
626,Union Mutual Fund,Union Liquid Fund - Fortnightly IDCW Option,1003.6469,07-Apr-2023 01:16:16
627,Union Mutual Fund,Union Liquid Fund - Growth Option,2151.3333,07-Apr-2023 01:16:16
628,Union Mutual Fund,Union Liquid Fund - Monthly IDCW Option,1003.6445,07-Apr-2023 01:16:16
629,Union Mutual Fund,Union Liquid Fund - Weekly IDCW Option,1001.6683,07-Apr-2023 01:16:16
630,Union Mutual Fund,Union Overnight Fund - Direct Plan - Daily IDCW Option,1000.7630,07-Apr-2023 01:16:16
631,Union Mutual Fund,Union Overnight Fund - Direct Plan - Growth Option,1181.7684,07-Apr-2023 01:16:16
632,Union Mutual Fund,Union Overnight Fund - Direct Plan - Monthly IDCW Option,1002.5610,07-Apr-2023 01:16:16
633,Union Mutual Fund,Union Overnight Fund - Regular Plan - Daily IDCW Option,1001.0898,07-Apr-2023 01:16:16
634,Union Mutual Fund,Union Overnight Fund - Regular Plan - Growth Option,1177.0965,07-Apr-2023 01:16:16
635,Union Mutual Fund,Union Overnight Fund - Regular Plan - Monthly IDCW Option,1002.5138,07-Apr-2023 01:16:16
636,Union Mutual Fund,Union Overnight Fund - Unclaimed Amounts Plan - IDCW Beyond 3 years,1000.0000,07-Apr-2023 01:16:16
637,Union Mutual Fund,Union Overnight Fund - Unclaimed Amounts Plan - IDCW Upto 3 years,1065.3923,07-Apr-2023 01:16:16
638,Union Mutual Fund,Union Overnight Fund - Unclaimed Amounts Plan - Redemption Beyond 3 years,1000.0000,07-Apr-2023 01:16:16
639,Union Mutual Fund,Union Overnight Fund - Unclaimed Amounts Plan - Redemption Upto 3 years,1065.4145,07-Apr-2023 01:16:16
640,UTI Mutual Fund,UTI Liquid Cash Plan - Direct Plan - Annual IDCW,1625.0937,07-Apr-2023 10:55:55
641,UTI Mutual Fund,UTI Liquid Cash Plan - Direct Plan - Daily IDCW (Reinvestment),1065.6265,07-Apr-2023 10:55:55
642,UTI Mutual Fund,UTI Liquid Cash Plan - Direct Plan - Flexi IDCW,1338.5001,07-Apr-2023 10:55:55
643,UTI Mutual Fund,UTI Liquid Cash Plan - Direct Plan - Fortnightly IDCW,1158.3696,07-Apr-2023 10:55:55
644,UTI Mutual Fund,UTI Liquid Cash Plan - Direct Plan - Half-Yearly IDCW,1269.4118,07-Apr-2023 10:55:55
645,UTI Mutual Fund,UTI Liquid Cash Plan - Direct Plan - Monthly IDCW,1049.1985,07-Apr-2023 10:55:55
646,UTI Mutual Fund,UTI Liquid Cash Plan - Direct Plan - Quarterly IDCW,1534.7897,07-Apr-2023 10:55:55
647,UTI Mutual Fund,UTI Liquid Cash Plan - Direct Plan - Weekly IDCW,1147.4705,07-Apr-2023 10:55:55
648,UTI Mutual Fund,UTI Liquid Cash Plan - Regular Plan - Annual IDCW,1617.8952,07-Apr-2023 10:55:55
649,UTI Mutual Fund,UTI Liquid Cash Plan - Regular Plan - Daily IDCW (Reinvestment),1084.5691,07-Apr-2023 10:55:55
650,UTI Mutual Fund,UTI Liquid Cash Plan - Regular Plan - Flexi IDCW,1333.4322,07-Apr-2023 10:55:55
651,UTI Mutual Fund,UTI Liquid Cash Plan - Regular Plan - Fortnightly IDCW,1157.5191,07-Apr-2023 10:55:55
652,UTI Mutual Fund,UTI Liquid Cash Plan - Regular Plan - Half-Yearly IDCW,1126.4728,07-Apr-2023 10:55:55
653,UTI Mutual Fund,UTI Liquid Cash Plan - Regular Plan - Monthly IDCW,1040.1924,07-Apr-2023 10:55:55
654,UTI Mutual Fund,UTI Liquid Cash Plan - Regular Plan - Quarterly IDCW,1527.654,07-Apr-2023 10:55:55
655,UTI Mutual Fund,UTI Liquid Cash Plan - Regular Plan - Weekly IDCW,1053.3451,07-Apr-2023 10:55:55
656,UTI Mutual Fund,UTI- Liquid Cash Plan - Direct Plan - Growth Option,3695.1814,07-Apr-2023 10:55:55
657,UTI Mutual Fund,UTI- Liquid Cash Plan - Regular Plan - Growth Option,3669.1836,07-Apr-2023 10:55:55
658,UTI Mutual Fund,UTI- Liquid Cash Plan- Discontinued - Regular Plan - Monthly Dividend Option,1074.5875,07-Apr-2023 10:55:55
659,UTI Mutual Fund,UTI- Liquid Cash Plan- Discontinued - Regular Plan -Growth,3356.2617,07-Apr-2023 10:55:55
660,UTI Mutual Fund,UTI- Liquid Cash Plan- Discontinued -Regular Plan Periodic Dividend Option,1132.5826,07-Apr-2023 10:55:55
661,UTI Mutual Fund,UTI - Overnight Fund - Regular Plan - Growth Option,3042.8579,07-Apr-2023 10:55:55
662,UTI Mutual Fund,UTI - Overnight Fund - Direct Plan - Growth Option,3072.4372,07-Apr-2023 10:55:55
663,UTI Mutual Fund,UTI Overnight Fund - Direct Plan - Daily IDCW,1371.6621,07-Apr-2023 10:55:55
664,UTI Mutual Fund,UTI Overnight Fund - Direct Plan - Periodic IDCW,1612.4547,07-Apr-2023 10:55:55
665,UTI Mutual Fund,UTI Overnight Fund - Regular Plan - Daily IDCW,1370.8617,07-Apr-2023 10:55:55
666,UTI Mutual Fund,UTI Overnight Fund - Regular Plan - Periodic IDCW,1567.5738,07-Apr-2023 10:55:55
